"Address","Content Type","Status Code","Status","Indexability","Indexability Status","Title 1","Title 1 Length","Title 1 Pixel Width","Meta Description 1","Meta Description 1 Length","Meta Description 1 Pixel Width","Meta Keywords 1","Meta Keywords 1 Length","H1-1","H1-1 Length","H2-1","H2-1 Length","H2-2","H2-2 Length","Meta Robots 1","Meta Robots 2","X-Robots-Tag 1","Meta Refresh 1","Canonical Link Element 1","rel=""next"" 1","rel=""prev"" 1","HTTP rel=""next"" 1","HTTP rel=""prev"" 1","amphtml Link Element","Size (bytes)","Transferred (bytes)","Total Transferred (bytes)","CO2 (mg)","Carbon Rating","Word Count","Sentence Count","Average Words Per Sentence","Flesch Reading Ease Score","Readability","Text Ratio","Crawl Depth","Folder Depth","Link Score","Inlinks","Unique Inlinks","Unique JS Inlinks","% of Total","Outlinks","Unique Outlinks","Unique JS Outlinks","External Outlinks","Unique External Outlinks","Unique External JS Outlinks","Closest Near Duplicate Match","No. Near Duplicates","Spelling Errors","Grammar Errors","Hash","Response Time","Last Modified","Redirect URL","Redirect Type","Cookies","Language","HTTP Version","Mobile Alternate Link","Closest Semantically Similar Address","Semantic Similarity Score","No. Semantically Similar","Semantic Relevance Score","URL Encoded Address","Crawl Timestamp"
"https://mohamedyaakoubi.com/","text/html","307","Temporary Redirect","Non-Indexable","Redirected","","0","0","","0","0","","0","","0","","0","","0","","","","","","","","","","","0","0","0","0.000","","0","","","","","0.000","0","0","","0","0","0","0.000","0","0","0","0","0","0","","","","","","0.389","","https://www.mohamedyaakoubi.com/","HTTP Redirect","","","1.1","","","","","","https://mohamedyaakoubi.com/","2026-05-09 05:29:18"
"https://www.mohamedyaakoubi.com/","text/html; charset=utf-8","308","Permanent Redirect","Non-Indexable","Redirected","","0","0","","0","0","","0","","0","","0","","0","","","","","","","","","","","5112","5112","5112","1.958","","0","","","","","0.000","1","0","","0","0","0","0.000","0","0","0","0","0","0","","","","","","0.498","","https://www.mohamedyaakoubi.com/en","HTTP Redirect","","","1.1","","","","","","https://www.mohamedyaakoubi.com/","2026-05-09 05:29:19"
"https://www.mohamedyaakoubi.com/en","text/html; charset=utf-8","200","OK","Indexable","","Mohamed Yaakoubi | Portfolio","28","269","Emerging AI specialist with a diverse background, offering expertise in machine learning, web development, and localization services.","133","842","Mohamed Yaakoubi, محمد يعقوبي, Mohamed Yakoubi, machine translation post-editor, LLM evaluator, AI language specialist, Arabic English translator, localization coordinator, linguistic quality assurance, video metadata writer, SEO metadata specialist, content moderator, AI annotator, prompt evaluator, AI content evaluation, translation quality reviewer, multilingual content writer, technical content writer, Wirestock metadata specialist, DeepL linguistic editor, Meta AI evaluator, Uber localization coordinator, RWS linguistic evaluator, Llama 4 evaluator, UbiAi technical writer, Unbabel post-editor, Volga Partners quality reviewer, Arabic Maghrebi dialect expert, prompt engineering, AI response ranking, CAT tools specialist, Smartcat, Amara subtitling, multilingual QA, data annotation services, dataset quality assurance, transcription services, image annotation, video content evaluation, media quality assessment, freelance translator Arabic English, localization services, resume writing services, career coaching, web development services, AI consultation, technical support services, educational consulting, React developer, Next.js, Firebase, TypeScript, Azure AI, WordPress, Sfax Tunisia, Tunisia freelancer, Arabic English French trilingual, remote AI specialist, North Africa localization expert","1314","Mohamed Yaakoubi","16","About","5","Companies I've Worked With","26","index, follow, max-video-preview:-1, max-image-preview:large, max-snippet:-1","index, follow, max-video-preview:-1, max-image-preview:large, max-snippet:-1","","","https://www.mohamedyaakoubi.com/en","","","","","","204497","36079","36079","13.821","","254","64","3.969","65.248","Normal","1.109","2","0","","57","25","0","100.000","39","27","0","37","19","0","","","","","55146cd65107c794d08efc3a73994c40","0.723","","","","","en","1.1","","","","","","https://www.mohamedyaakoubi.com/en","2026-05-09 05:29:19"
"https://www.mohamedyaakoubi.com/_next/image?url=%2Fcompanies%2FToloka_logo.png&w=3840&q=75","","0","Blocked by robots.txt","Non-Indexable","Blocked by robots.txt","","0","0","","0","0","","0","","0","","0","","0","","","","","","","","","","","0","0","0","0.000","","0","","","","","0.000","3","1","","0","0","0","0.000","0","0","0","0","0","0","","","","","","","","","","","","None","","","","","","https://www.mohamedyaakoubi.com/_next/image?url=%2Fcompanies%2FToloka_logo.png&w=3840&q=75","2026-05-09 05:29:21"
"https://www.mohamedyaakoubi.com/_next/static/chunks/webpack-b3055436eec8986f.js","","0","Blocked by robots.txt","Non-Indexable","Blocked by robots.txt","","0","0","","0","0","","0","","0","","0","","0","","","","","","","","","","","0","0","0","0.000","","0","","","","","0.000","3","3","","0","0","0","0.000","0","0","0","0","0","0","","","","","","","","","","","","None","","","","","","https://www.mohamedyaakoubi.com/_next/static/chunks/webpack-b3055436eec8986f.js","2026-05-09 05:29:21"
"https://www.mohamedyaakoubi.com/_next/image?url=%2Fcompanies%2Flogo_skills.png&w=3840&q=75","","0","Blocked by robots.txt","Non-Indexable","Blocked by robots.txt","","0","0","","0","0","","0","","0","","0","","0","","","","","","","","","","","0","0","0","0.000","","0","","","","","0.000","3","1","","0","0","0","0.000","0","0","0","0","0","0","","","","","","","","","","","","None","","","","","","https://www.mohamedyaakoubi.com/_next/image?url=%2Fcompanies%2Flogo_skills.png&w=3840&q=75","2026-05-09 05:29:21"
"https://www.mohamedyaakoubi.com/_next/image?url=%2Fprofile.jpg&w=3840&q=75","","0","Blocked by robots.txt","Non-Indexable","Blocked by robots.txt","","0","0","","0","0","","0","","0","","0","","0","","","","","","","","","","","0","0","0","0.000","","0","","","","","0.000","3","1","","0","0","0","0.000","0","0","0","0","0","0","","","","","","","","","","","","None","","","","","","https://www.mohamedyaakoubi.com/_next/image?url=%2Fprofile.jpg&w=3840&q=75","2026-05-09 05:29:21"
"https://www.mohamedyaakoubi.com/_next/static/chunks/1255-e1806889c7100688.js","","0","Blocked by robots.txt","Non-Indexable","Blocked by robots.txt","","0","0","","0","0","","0","","0","","0","","0","","","","","","","","","","","0","0","0","0.000","","0","","","","","0.000","3","3","","0","0","0","0.000","0","0","0","0","0","0","","","","","","","","","","","","None","","","","","","https://www.mohamedyaakoubi.com/_next/static/chunks/1255-e1806889c7100688.js","2026-05-09 05:29:21"
"https://www.mohamedyaakoubi.com/en/contact","text/html; charset=utf-8","200","OK","Indexable","","Contact Mohamed Yaakoubi | Hire AI Language Specialist | Translation, Localization, LLM Evaluation Services | Sfax, Tunisia","123","1094","Get in touch with Mohamed Yaakoubi for AI solutions, web development, or language services. Contact form and professional social profiles.","138","889","Mohamed Yaakoubi, محمد يعقوبي, Mohamed Yakoubi, machine translation post-editor, LLM evaluator, AI language specialist, Arabic English translator, localization coordinator, linguistic quality assurance, video metadata writer, SEO metadata specialist, content moderator, AI annotator, prompt evaluator, AI content evaluation, translation quality reviewer, multilingual content writer, technical content writer, Wirestock metadata specialist, DeepL linguistic editor, Meta AI evaluator, Uber localization coordinator, RWS linguistic evaluator, Llama 4 evaluator, UbiAi technical writer, Unbabel post-editor, Volga Partners quality reviewer, Arabic Maghrebi dialect expert, prompt engineering, AI response ranking, CAT tools specialist, Smartcat, Amara subtitling, multilingual QA, data annotation services, dataset quality assurance, transcription services, image annotation, video content evaluation, media quality assessment, freelance translator Arabic English, localization services, resume writing services, career coaching, web development services, AI consultation, technical support services, educational consulting, React developer, Next.js, Firebase, TypeScript, Azure AI, WordPress, Sfax Tunisia, Tunisia freelancer, Arabic English French trilingual, remote AI specialist, North Africa localization expert","1314","Contact","7","Contact Information","19","","0","index, follow, max-video-preview:-1, max-image-preview:large, max-snippet:-1","index, follow, max-video-preview:-1, max-image-preview:large, max-snippet:-1","","","https://www.mohamedyaakoubi.com/en/contact","","","","","","113048","30206","30206","11.571","","32","15","2.133","69.838","Normal","0.807","3","1","","61","25","0","100.000","35","26","0","11","9","0","","","","","aaf2974279de7bcfa1a826704a87be7d","0.522","","","","","en","1.1","","","","","","https://www.mohamedyaakoubi.com/en/contact","2026-05-09 05:29:21"
"https://www.mohamedyaakoubi.com/en/services","text/html; charset=utf-8","200","OK","Indexable","","Professional Services | Mohamed Yaakoubi | AI Data Annotation, Translation & Localization, Web Development, Resume Writing, Technical Support","141","1291","Professional services by Mohamed Yaakoubi: AI data annotation, translation & localization, web development, career coaching, technical support, and IT consulting.","162","1034","AI services, data annotation, translation services, web development, career coaching, technical support, IT consulting, localization, Mohamed Yaakoubi services, freelance AI specialist, Arabic English translation, resume writing, portfolio development, multilingual support","273","Professional Services — Translation, AI Annotation & Web Development","68","Available Services","18","Need help with your project?","28","index, follow, max-video-preview:-1, max-image-preview:large, max-snippet:-1","index, follow, max-video-preview:-1, max-image-preview:large, max-snippet:-1","","","https://www.mohamedyaakoubi.com/en/services","","","","","","134764","31193","31193","11.949","","565","193","2.927","48.888","Hard","3.292","3","1","","50","25","0","100.000","44","26","0","3","3","0","","","","","a5be69a54575022ec155bbb6aace885e","0.583","","","","","en","1.1","","","","","","https://www.mohamedyaakoubi.com/en/services","2026-05-09 05:29:21"
"https://www.mohamedyaakoubi.com/en/projects/internationalskills","text/html; charset=utf-8","200","OK","Indexable","","InternationalSkills.fi — Recruiting Management System | Mohamed Yaakoubi","72","678","Full-stack recruiting platform for InternationalSkills.fi: multi-step candidate applications, AI scoring with Gemini 2.5 Pro, automated Google Meet scheduling, and a real-time admin dashboard — built with Next.js and Firebase.","226","1406","InternationalSkills.fi,recruiting management system,hiring platform,candidate portal,AI candidate scoring,Gemini 2.5 Pro,Google Meet scheduling,Firebase,Next.js,fullstack,admin dashboard,job application,labor recruitment,Finland,Mohamed Yaakoubi,نظام إدارة التوظيف,منصة توظيف,تقييم المرشحين بالذكاء الاصطناعي","308","InternationalSkills.fi — Recruiting Management System","53","Core features","13","How it works","12","index, follow, max-video-preview:-1, max-image-preview:large, max-snippet:-1","index, follow, max-video-preview:-1, max-image-preview:large, max-snippet:-1","","","https://www.mohamedyaakoubi.com/en/projects/internationalskills","","","","","","98121","18261","18261","6.995","","648","116","5.586","49.721","Hard","5.219","3","2","","26","25","0","100.000","36","26","0","4","3","0","","","","","9073519256285b4460e3f153deae4332","0.719","","","","","en","1.1","","","","","","https://www.mohamedyaakoubi.com/en/projects/internationalskills","2026-05-09 05:29:21"
"https://www.mohamedyaakoubi.com/en/blog/rag-challenge-technical-comparison","text/html; charset=utf-8","200","OK","Indexable","","RAG Challenge Technical Comparison: A Reproducible Post-Mortem | Mohamed Yaakoubi Blog","86","836","A detailed technical comparison of two RAG solutions from the AINC'26 challenge — documenting constraint compliance, retrieval benchmarks, and reproducible evidence.","165","1080","Mohamed Yaakoubi, محمد يعقوبي, Mohamed Yakoubi, machine translation post-editor, LLM evaluator, AI language specialist, Arabic English translator, localization coordinator, linguistic quality assurance, video metadata writer, SEO metadata specialist, content moderator, AI annotator, prompt evaluator, AI content evaluation, translation quality reviewer, multilingual content writer, technical content writer, Wirestock metadata specialist, DeepL linguistic editor, Meta AI evaluator, Uber localization coordinator, RWS linguistic evaluator, Llama 4 evaluator, UbiAi technical writer, Unbabel post-editor, Volga Partners quality reviewer, Arabic Maghrebi dialect expert, prompt engineering, AI response ranking, CAT tools specialist, Smartcat, Amara subtitling, multilingual QA, data annotation services, dataset quality assurance, transcription services, image annotation, video content evaluation, media quality assessment, freelance translator Arabic English, localization services, resume writing services, career coaching, web development services, AI consultation, technical support services, educational consulting, React developer, Next.js, Firebase, TypeScript, Azure AI, WordPress, Sfax Tunisia, Tunisia freelancer, Arabic English French trilingual, remote AI specialist, North Africa localization expert","1314","RAG Challenge Technical Comparison: A Reproducible Post-Mortem","62","What This Post Is About","23","The Competition Rules","21","index, follow, max-video-preview:-1, max-image-preview:large, max-snippet:-1","index, follow, max-video-preview:-1, max-image-preview:large, max-snippet:-1","","","https://www.mohamedyaakoubi.com/en/blog/rag-challenge-technical-comparison","","","","","","194921","55281","55281","21.177","","4618","959","4.815","60.300","Normal","16.736","3","2","","27","25","0","100.000","36","26","0","9","5","0","","","","","819a2d84b6d884e6b2650145bbc50bb","0.622","","","","","en","1.1","","","","","","https://www.mohamedyaakoubi.com/en/blog/rag-challenge-technical-comparison","2026-05-09 05:29:21"
"https://www.mohamedyaakoubi.com/_next/static/chunks/9534-4d784df85cb36ec8.js","","0","Blocked by robots.txt","Non-Indexable","Blocked by robots.txt","","0","0","","0","0","","0","","0","","0","","0","","","","","","","","","","","0","0","0","0.000","","0","","","","","0.000","3","3","","0","0","0","0.000","0","0","0","0","0","0","","","","","","","","","","","","None","","","","","","https://www.mohamedyaakoubi.com/_next/static/chunks/9534-4d784df85cb36ec8.js","2026-05-09 05:29:22"
"https://www.mohamedyaakoubi.com/_next/image?url=%2Fcompanies%2Ftranslated_logo.png&w=3840&q=75","","0","Blocked by robots.txt","Non-Indexable","Blocked by robots.txt","","0","0","","0","0","","0","","0","","0","","0","","","","","","","","","","","0","0","0","0.000","","0","","","","","0.000","3","1","","0","0","0","0.000","0","0","0","0","0","0","","","","","","","","","","","","None","","","","","","https://www.mohamedyaakoubi.com/_next/image?url=%2Fcompanies%2Ftranslated_logo.png&w=3840&q=75","2026-05-09 05:29:22"
"https://www.mohamedyaakoubi.com/_next/static/chunks/2619-04bc32f026a0d946.js","","0","Blocked by robots.txt","Non-Indexable","Blocked by robots.txt","","0","0","","0","0","","0","","0","","0","","0","","","","","","","","","","","0","0","0","0.000","","0","","","","","0.000","3","3","","0","0","0","0.000","0","0","0","0","0","0","","","","","","","","","","","","None","","","","","","https://www.mohamedyaakoubi.com/_next/static/chunks/2619-04bc32f026a0d946.js","2026-05-09 05:29:22"
"https://www.mohamedyaakoubi.com/_next/static/chunks/4814-7e554d40a5f40d5e.js","","0","Blocked by robots.txt","Non-Indexable","Blocked by robots.txt","","0","0","","0","0","","0","","0","","0","","0","","","","","","","","","","","0","0","0","0.000","","0","","","","","0.000","3","3","","0","0","0","0.000","0","0","0","0","0","0","","","","","","","","","","","","None","","","","","","https://www.mohamedyaakoubi.com/_next/static/chunks/4814-7e554d40a5f40d5e.js","2026-05-09 05:29:22"
"https://www.mohamedyaakoubi.com/_next/image?url=%2Fcompanies%2FKudra_logo.png&w=3840&q=75","","0","Blocked by robots.txt","Non-Indexable","Blocked by robots.txt","","0","0","","0","0","","0","","0","","0","","0","","","","","","","","","","","0","0","0","0.000","","0","","","","","0.000","3","1","","0","0","0","0.000","0","0","0","0","0","0","","","","","","","","","","","","None","","","","","","https://www.mohamedyaakoubi.com/_next/image?url=%2Fcompanies%2FKudra_logo.png&w=3840&q=75","2026-05-09 05:29:22"
"https://www.mohamedyaakoubi.com/_next/static/chunks/polyfills-42372ed130431b0a.js","","0","Blocked by robots.txt","Non-Indexable","Blocked by robots.txt","","0","0","","0","0","","0","","0","","0","","0","","","","","","","","","","","0","0","0","0.000","","0","","","","","0.000","3","3","","0","0","0","0.000","0","0","0","0","0","0","","","","","","","","","","","","None","","","","","","https://www.mohamedyaakoubi.com/_next/static/chunks/polyfills-42372ed130431b0a.js","2026-05-09 05:29:22"
"https://www.mohamedyaakoubi.com/_next/image?url=%2Fcompanies%2FLionbridge-Technologies-Logo.png&w=3840&q=75","","0","Blocked by robots.txt","Non-Indexable","Blocked by robots.txt","","0","0","","0","0","","0","","0","","0","","0","","","","","","","","","","","0","0","0","0.000","","0","","","","","0.000","3","1","","0","0","0","0.000","0","0","0","0","0","0","","","","","","","","","","","","None","","","","","","https://www.mohamedyaakoubi.com/_next/image?url=%2Fcompanies%2FLionbridge-Technologies-Logo.png&w=3840&q=75","2026-05-09 05:29:22"
"https://www.mohamedyaakoubi.com/en/projects/documed","text/html; charset=utf-8","200","OK","Indexable","","DocuMed — Healthcare Management Platform | Mohamed Yaakoubi","59","606","DocuMed is a full-stack healthcare platform with dual dashboards for doctors and patients, real-time appointment scheduling, and secure medical records — built with Next.js and Firebase.","186","1184","DocuMed,healthcare management,medical records,appointment scheduling,Firebase,Next.js,fullstack,doctor dashboard,patient portal,MentorNations bootcamp,Mohamed Yaakoubi,healthcare app,إدارة الرعاية الصحية,سجلات طبية,حجز مواعيد","225","DocuMed — Healthcare Management Platform","40","Project Documentation","21","Core features","13","index, follow, max-video-preview:-1, max-image-preview:large, max-snippet:-1","index, follow, max-video-preview:-1, max-image-preview:large, max-snippet:-1","","","https://www.mohamedyaakoubi.com/en/projects/documed","","","","","","93378","17690","17690","6.777","","418","78","5.359","51.221","Fairly Hard","3.820","3","2","","26","25","0","100.000","37","27","0","6","4","0","","","","","a1eb19c61e5b5246a05543dffbe7f786","0.536","","","","","en","1.1","","","","","","https://www.mohamedyaakoubi.com/en/projects/documed","2026-05-09 05:29:22"
"https://www.mohamedyaakoubi.com/en/sheetdiff/api-docs","text/html; charset=utf-8","200","OK","Indexable","","Structural Diff API Docs — SheetDiff™","37","330","REST API for structural diff comparison of transcript rows. Detects modified, split, merged, added, and deleted rows with CER/WER/SegER/SER/SACR quality scoring. Built for localization and transcription agencies.","212","1346","transcript diff API,structural diff REST API,transcript QA API,CER WER SER API,localization QA API,transcription comparison API,row diff JSON API,SheetDiff API,split merge diff detection,transcript scoring API","209","Structural Diff API","19","Quick Start","11","Base URL","8","index, follow, max-video-preview:-1, max-image-preview:large, max-snippet:-1","index, follow, max-video-preview:-1, max-image-preview:large, max-snippet:-1","","","https://www.mohamedyaakoubi.com/en/sheetdiff/api-docs","","","","","","171202","23453","23453","8.984","","1620","424","3.821","67.179","Normal","6.951","3","2","","79","25","0","100.000","59","26","0","2","2","0","","","","","ffc7482a976369b119812dd906d6d48f","0.535","","","","","en","1.1","","","","","","https://www.mohamedyaakoubi.com/en/sheetdiff/api-docs","2026-05-09 05:29:22"
"https://www.mohamedyaakoubi.com/en/sheetdiff/privacy-policy","text/html; charset=utf-8","200","OK","Indexable","","Privacy Policy — SheetDiff™ | Mohamed Yaakoubi","46","437","Privacy Policy for the SheetDiff™ Google Sheets™ add-on by Mohamed Yaakoubi.","76","510","Mohamed Yaakoubi, محمد يعقوبي, Mohamed Yakoubi, machine translation post-editor, LLM evaluator, AI language specialist, Arabic English translator, localization coordinator, linguistic quality assurance, video metadata writer, SEO metadata specialist, content moderator, AI annotator, prompt evaluator, AI content evaluation, translation quality reviewer, multilingual content writer, technical content writer, Wirestock metadata specialist, DeepL linguistic editor, Meta AI evaluator, Uber localization coordinator, RWS linguistic evaluator, Llama 4 evaluator, UbiAi technical writer, Unbabel post-editor, Volga Partners quality reviewer, Arabic Maghrebi dialect expert, prompt engineering, AI response ranking, CAT tools specialist, Smartcat, Amara subtitling, multilingual QA, data annotation services, dataset quality assurance, transcription services, image annotation, video content evaluation, media quality assessment, freelance translator Arabic English, localization services, resume writing services, career coaching, web development services, AI consultation, technical support services, educational consulting, React developer, Next.js, Firebase, TypeScript, Azure AI, WordPress, Sfax Tunisia, Tunisia freelancer, Arabic English French trilingual, remote AI specialist, North Africa localization expert","1314","Privacy Policy","14","1. Overview","11","2. Data the Add-on Accesses","27","index, follow, max-video-preview:-1, max-image-preview:large, max-snippet:-1","index, follow, max-video-preview:-1, max-image-preview:large, max-snippet:-1","","","https://www.mohamedyaakoubi.com/en/sheetdiff/privacy-policy","","","","","","76775","17645","17645","6.759","","1289","211","6.109","55.784","Fairly Hard","11.930","3","2","","29","25","0","100.000","38","26","0","4","3","0","","","","","f7485f918aff9c770d291cbc99685976","0.348","","","","","en","1.1","","","","","","https://www.mohamedyaakoubi.com/en/sheetdiff/privacy-policy","2026-05-09 05:29:22"
"https://www.mohamedyaakoubi.com/_next/static/chunks/5239-cd208aa96777c355.js","","0","Blocked by robots.txt","Non-Indexable","Blocked by robots.txt","","0","0","","0","0","","0","","0","","0","","0","","","","","","","","","","","0","0","0","0.000","","0","","","","","0.000","3","3","","0","0","0","0.000","0","0","0","0","0","0","","","","","","","","","","","","None","","","","","","https://www.mohamedyaakoubi.com/_next/static/chunks/5239-cd208aa96777c355.js","2026-05-09 05:29:23"
"https://www.mohamedyaakoubi.com/_next/image?url=%2Fcompanies%2FDeepL_logo.svg&w=3840&q=75","","0","Blocked by robots.txt","Non-Indexable","Blocked by robots.txt","","0","0","","0","0","","0","","0","","0","","0","","","","","","","","","","","0","0","0","0.000","","0","","","","","0.000","3","1","","0","0","0","0.000","0","0","0","0","0","0","","","","","","","","","","","","None","","","","","","https://www.mohamedyaakoubi.com/_next/image?url=%2Fcompanies%2FDeepL_logo.svg&w=3840&q=75","2026-05-09 05:29:23"
"https://www.mohamedyaakoubi.com/en/projects","text/html; charset=utf-8","200","OK","Indexable","","AI Projects & Open Source Portfolio | Mohamed Yaakoubi | Healthcare AI, Career Guidance Platforms, Data Search Engines","118","1079","Explore innovative projects by Mohamed Yaakoubi including AI career guidance platforms, medical documentation systems, and AI-powered search engines.","149","993","Mohamed Yaakoubi, محمد يعقوبي, Mohamed Yakoubi, machine translation post-editor, LLM evaluator, AI language specialist, Arabic English translator, localization coordinator, linguistic quality assurance, video metadata writer, SEO metadata specialist, content moderator, AI annotator, prompt evaluator, AI content evaluation, translation quality reviewer, multilingual content writer, technical content writer, Wirestock metadata specialist, DeepL linguistic editor, Meta AI evaluator, Uber localization coordinator, RWS linguistic evaluator, Llama 4 evaluator, UbiAi technical writer, Unbabel post-editor, Volga Partners quality reviewer, Arabic Maghrebi dialect expert, prompt engineering, AI response ranking, CAT tools specialist, Smartcat, Amara subtitling, multilingual QA, data annotation services, dataset quality assurance, transcription services, image annotation, video content evaluation, media quality assessment, freelance translator Arabic English, localization services, resume writing services, career coaching, web development services, AI consultation, technical support services, educational consulting, React developer, Next.js, Firebase, TypeScript, Azure AI, WordPress, Sfax Tunisia, Tunisia freelancer, Arabic English French trilingual, remote AI specialist, North Africa localization expert","1314","AI & Web Development Projects — Portfolio","41","Featured Projects","17","GitHub Repositories","19","index, follow, max-video-preview:-1, max-image-preview:large, max-snippet:-1","index, follow, max-video-preview:-1, max-image-preview:large, max-snippet:-1","","","https://www.mohamedyaakoubi.com/en/projects","","","","","","139053","31585","31585","12.100","","159","39","4.077","37.754","Hard","1.344","3","1","","53","25","0","100.000","39","26","0","10","10","0","","","","","a3d2bf87c80b165cb84848a35bb230e3","0.482","","","","","en","1.1","","","","","","https://www.mohamedyaakoubi.com/en/projects","2026-05-09 05:29:23"
"https://www.mohamedyaakoubi.com/en/sheetdiff/api-docs/engine-precision","text/html; charset=utf-8","200","OK","Indexable","","Engine Precision Analysis — SheetDiff Structural Diff","53","463","Measured precision, recall, and F1 for the 8-pass structural diff engine across 14 datasets (185 GT events). Per-category metrics, confusion matrix, per-dataset accuracy, and similarity benchmarking.","199","1253","transcript diff engine precision,structural diff F1 score,transcript QA engine accuracy,diff classification precision recall,MODIFIED ADDED MERGED SPLIT accuracy,Arabic transcript diff evaluation,SheetDiff engine metrics,structural diff confusion matrix","253","Engine Precision Analysis","25","How ground truth was derived","28","Dataset scope","13","index, follow, max-video-preview:-1, max-image-preview:large, max-snippet:-1","index, follow, max-video-preview:-1, max-image-preview:large, max-snippet:-1","","","https://www.mohamedyaakoubi.com/en/sheetdiff/api-docs/engine-precision","","","","","","121576","20268","20268","7.764","","1214","258","4.705","92.232","Very Easy","6.688","3","3","","39","25","0","100.000","54","28","0","2","2","0","","","","","6b2eaeacbddcf1f43201f13f6a151ce3","0.458","","","","","en","1.1","","","","","","https://www.mohamedyaakoubi.com/en/sheetdiff/api-docs/engine-precision","2026-05-09 05:29:23"
"https://www.mohamedyaakoubi.com/_next/static/chunks/app/%5Blocale%5D/page-10c838a3df302027.js","","0","Blocked by robots.txt","Non-Indexable","Blocked by robots.txt","","0","0","","0","0","","0","","0","","0","","0","","","","","","","","","","","0","0","0","0.000","","0","","","","","0.000","3","5","","0","0","0","0.000","0","0","0","0","0","0","","","","","","","","","","","","None","","","","","","https://www.mohamedyaakoubi.com/_next/static/chunks/app/%5Blocale%5D/page-10c838a3df302027.js","2026-05-09 05:29:23"
"https://www.mohamedyaakoubi.com/_next/image?url=%2Fcompanies%2FAndovar_logo.webp&w=3840&q=75","","0","Blocked by robots.txt","Non-Indexable","Blocked by robots.txt","","0","0","","0","0","","0","","0","","0","","0","","","","","","","","","","","0","0","0","0.000","","0","","","","","0.000","3","1","","0","0","0","0.000","0","0","0","0","0","0","","","","","","","","","","","","None","","","","","","https://www.mohamedyaakoubi.com/_next/image?url=%2Fcompanies%2FAndovar_logo.webp&w=3840&q=75","2026-05-09 05:29:23"
"https://www.mohamedyaakoubi.com/en/","text/html","308","Permanent Redirect","Non-Indexable","Redirected","","0","0","","0","0","","0","","0","","0","","0","","","","","","","","","","","0","0","0","0.000","","0","","","","","0.000","3","1","","50","25","0","100.000","0","0","0","0","0","0","","","","","","0.085","","https://www.mohamedyaakoubi.com/en","HTTP Redirect","","","1.1","","","","","","https://www.mohamedyaakoubi.com/en/","2026-05-09 05:29:23"
"https://www.mohamedyaakoubi.com/_next/image?url=%2Fcompanies%2Fuber_logo.svg&w=3840&q=75","","0","Blocked by robots.txt","Non-Indexable","Blocked by robots.txt","","0","0","","0","0","","0","","0","","0","","0","","","","","","","","","","","0","0","0","0.000","","0","","","","","0.000","3","1","","0","0","0","0.000","0","0","0","0","0","0","","","","","","","","","","","","None","","","","","","https://www.mohamedyaakoubi.com/_next/image?url=%2Fcompanies%2Fuber_logo.svg&w=3840&q=75","2026-05-09 05:29:23"
"https://www.mohamedyaakoubi.com/_next/static/chunks/f4898fe8-3f04849690b6b6f6.js","","0","Blocked by robots.txt","Non-Indexable","Blocked by robots.txt","","0","0","","0","0","","0","","0","","0","","0","","","","","","","","","","","0","0","0","0.000","","0","","","","","0.000","3","3","","0","0","0","0.000","0","0","0","0","0","0","","","","","","","","","","","","None","","","","","","https://www.mohamedyaakoubi.com/_next/static/chunks/f4898fe8-3f04849690b6b6f6.js","2026-05-09 05:29:23"
"https://www.mohamedyaakoubi.com/_next/static/chunks/main-app-b7ac91ae224968d9.js","","0","Blocked by robots.txt","Non-Indexable","Blocked by robots.txt","","0","0","","0","0","","0","","0","","0","","0","","","","","","","","","","","0","0","0","0.000","","0","","","","","0.000","3","3","","0","0","0","0.000","0","0","0","0","0","0","","","","","","","","","","","","None","","","","","","https://www.mohamedyaakoubi.com/_next/static/chunks/main-app-b7ac91ae224968d9.js","2026-05-09 05:29:23"
"https://www.mohamedyaakoubi.com/en/sheetdiff/terms-of-service","text/html; charset=utf-8","200","OK","Indexable","","Terms of Service — SheetDiff™ | Mohamed Yaakoubi","48","462","Terms of Service for the SheetDiff™ Google Sheets™ add-on by Mohamed Yaakoubi.","78","530","Mohamed Yaakoubi, محمد يعقوبي, Mohamed Yakoubi, machine translation post-editor, LLM evaluator, AI language specialist, Arabic English translator, localization coordinator, linguistic quality assurance, video metadata writer, SEO metadata specialist, content moderator, AI annotator, prompt evaluator, AI content evaluation, translation quality reviewer, multilingual content writer, technical content writer, Wirestock metadata specialist, DeepL linguistic editor, Meta AI evaluator, Uber localization coordinator, RWS linguistic evaluator, Llama 4 evaluator, UbiAi technical writer, Unbabel post-editor, Volga Partners quality reviewer, Arabic Maghrebi dialect expert, prompt engineering, AI response ranking, CAT tools specialist, Smartcat, Amara subtitling, multilingual QA, data annotation services, dataset quality assurance, transcription services, image annotation, video content evaluation, media quality assessment, freelance translator Arabic English, localization services, resume writing services, career coaching, web development services, AI consultation, technical support services, educational consulting, React developer, Next.js, Firebase, TypeScript, Azure AI, WordPress, Sfax Tunisia, Tunisia freelancer, Arabic English French trilingual, remote AI specialist, North Africa localization expert","1314","Terms of Service","16","1. Acceptance of Terms","22","2. Description of the Add-on","28","index, follow, max-video-preview:-1, max-image-preview:large, max-snippet:-1","index, follow, max-video-preview:-1, max-image-preview:large, max-snippet:-1","","","https://www.mohamedyaakoubi.com/en/sheetdiff/terms-of-service","","","","","","76327","17418","17418","6.673","","1004","166","6.048","59.724","Fairly Hard","9.407","3","2","","28","25","0","100.000","39","26","0","3","2","0","","","","","ff97d18f98da66d49d83c70e4582442d","0.934","","","","","en","1.1","","","","","","https://www.mohamedyaakoubi.com/en/sheetdiff/terms-of-service","2026-05-09 05:29:23"
"https://www.mohamedyaakoubi.com/en/sheetdiff/api-docs/playground","text/html; charset=utf-8","200","OK","Indexable","","API Playground — Structural Diff API","36","322","Interactively test the Structural Diff API. Paste or upload two JSON transcript arrays, configure all parameters, run a real diff, and inspect results row by row with inline diffs and quality scores.","199","1199","structural diff API playground,live diff test tool,transcript QA API playground,JSON diff online,annotation diff tool,CER WER SegER SER SACR live scoring,transcript comparison API,SheetDiff live demo,AI annotation QA pipeline","225","API Playground","14","Data Input","10","Authentication","14","index, follow, max-video-preview:-1, max-image-preview:large, max-snippet:-1","index, follow, max-video-preview:-1, max-image-preview:large, max-snippet:-1","","","https://www.mohamedyaakoubi.com/en/sheetdiff/api-docs/playground","","","","","","92589","17227","17227","6.599","","637","132","4.826","45.885","Hard","5.491","3","3","","35","25","0","100.000","50","26","0","2","2","0","","","","","37819acef53b31da769562c118c82c24","0.438","","","","","en","1.1","","","","","","https://www.mohamedyaakoubi.com/en/sheetdiff/api-docs/playground","2026-05-09 05:29:23"
"https://www.mohamedyaakoubi.com/en/blog/ai-built-it-i-broke-it-ai-helped-me-break-it","text/html; charset=utf-8","200","OK","Indexable","","AI Built It. I Broke It. AI Helped Me Break It. | Mohamed Yaakoubi Blog","71","614","A story about curiosity, a game campaign, client-side trust, and what happens when AI-assisted development ships without a security lens — analyzed with AI assistance itself.","174","1106","Mohamed Yaakoubi, محمد يعقوبي, Mohamed Yakoubi, machine translation post-editor, LLM evaluator, AI language specialist, Arabic English translator, localization coordinator, linguistic quality assurance, video metadata writer, SEO metadata specialist, content moderator, AI annotator, prompt evaluator, AI content evaluation, translation quality reviewer, multilingual content writer, technical content writer, Wirestock metadata specialist, DeepL linguistic editor, Meta AI evaluator, Uber localization coordinator, RWS linguistic evaluator, Llama 4 evaluator, UbiAi technical writer, Unbabel post-editor, Volga Partners quality reviewer, Arabic Maghrebi dialect expert, prompt engineering, AI response ranking, CAT tools specialist, Smartcat, Amara subtitling, multilingual QA, data annotation services, dataset quality assurance, transcription services, image annotation, video content evaluation, media quality assessment, freelance translator Arabic English, localization services, resume writing services, career coaching, web development services, AI consultation, technical support services, educational consulting, React developer, Next.js, Firebase, TypeScript, Azure AI, WordPress, Sfax Tunisia, Tunisia freelancer, Arabic English French trilingual, remote AI specialist, North Africa localization expert","1314","AI Built It. I Broke It. AI Helped Me Break It.","47","The Starting Point","18","The First Signal: The Console","29","index, follow, max-video-preview:-1, max-image-preview:large, max-snippet:-1","index, follow, max-video-preview:-1, max-image-preview:large, max-snippet:-1","","","https://www.mohamedyaakoubi.com/en/blog/ai-built-it-i-broke-it-ai-helped-me-break-it","","","","","","154655","42933","42933","16.447","","2796","498","5.614","64.130","Normal","12.051","3","2","","27","25","0","100.000","36","26","0","2","2","0","","","","","82fdf2869373d94351e47dfb3add7f9a","0.862","","","","","en","1.1","","","","","","https://www.mohamedyaakoubi.com/en/blog/ai-built-it-i-broke-it-ai-helped-me-break-it","2026-05-09 05:29:23"
"https://www.mohamedyaakoubi.com/en/experience","text/html; charset=utf-8","200","OK","Indexable","","Professional Experience | Mohamed Yaakoubi | Wirestock, Prosessor.AI, DeepL, Meta AI (RWS), Uber, UbiAi | Transcription, Video Metadata, Translation, AI Evaluation","163","1454","Comprehensive work experience of Mohamed Yaakoubi: Media Content & Metadata Specialist at Wirestock (Full-time), Arabic Maghrebi Transcriber at Prosessor.AI, Linguistic AI Evaluator at RWS/Meta AI (Llama 4), Localization Coordinator at Uber via Volga Partners, Linguistic Editor at DeepL, Technical Writer at UbiAi, and 5+ years as Freelance Editor at Unbabel (1.6M+ words translated). Specializing in Arabic transcription & annotation, AI content evaluation, machine translation post-editing, and localization quality assurance.","529","3350","Mohamed Yaakoubi experience, Wirestock, Prosessor.AI, UbiAi, DeepL, RWS Meta AI, Arabic transcriber, Maghrebi Arabic, audio transcription, video metadata writer, technical content writer, linguistic editor, AI evaluator, machine translation, Arabic English translation, freelance AI specialist, remote work experience, speech-to-text","333","Professional Experience — AI, Localization & Language Technology","64","AI Data Annotator & Search Relevance Evaluator","46","Media Content & Metadata Specialist","35","index, follow, max-video-preview:-1, max-image-preview:large, max-snippet:-1","index, follow, max-video-preview:-1, max-image-preview:large, max-snippet:-1","","","https://www.mohamedyaakoubi.com/en/experience","","","","","","104242","19148","19148","7.335","","1620","268","6.045","24.815","Very Hard","12.054","3","1","","50","25","0","100.000","35","26","0","18","18","0","","","","","f6f7d4f0e163f08c3e22f6ba6f6161e3","0.387","","","","","en","1.1","","","","","","https://www.mohamedyaakoubi.com/en/experience","2026-05-09 05:29:24"
"https://www.mohamedyaakoubi.com/en/sheetdiff/pricing","text/html; charset=utf-8","200","OK","Indexable","","Pricing — SheetDiff™ | Compare, QA for Sheets","45","408","SheetDiff™ pricing plans: 7-day free trial, free tier with 50 rows and 10 comparisons/month, or unlimited access with SheetDiff™ Pro starting at $4.99/month.","157","984","Mohamed Yaakoubi, محمد يعقوبي, Mohamed Yakoubi, machine translation post-editor, LLM evaluator, AI language specialist, Arabic English translator, localization coordinator, linguistic quality assurance, video metadata writer, SEO metadata specialist, content moderator, AI annotator, prompt evaluator, AI content evaluation, translation quality reviewer, multilingual content writer, technical content writer, Wirestock metadata specialist, DeepL linguistic editor, Meta AI evaluator, Uber localization coordinator, RWS linguistic evaluator, Llama 4 evaluator, UbiAi technical writer, Unbabel post-editor, Volga Partners quality reviewer, Arabic Maghrebi dialect expert, prompt engineering, AI response ranking, CAT tools specialist, Smartcat, Amara subtitling, multilingual QA, data annotation services, dataset quality assurance, transcription services, image annotation, video content evaluation, media quality assessment, freelance translator Arabic English, localization services, resume writing services, career coaching, web development services, AI consultation, technical support services, educational consulting, React developer, Next.js, Firebase, TypeScript, Azure AI, WordPress, Sfax Tunisia, Tunisia freelancer, Arabic English French trilingual, remote AI specialist, North Africa localization expert","1314","SheetDiff™ Pricing","18","Frequently Asked Questions","26","","0","index, follow, max-video-preview:-1, max-image-preview:large, max-snippet:-1","index, follow, max-video-preview:-1, max-image-preview:large, max-snippet:-1","","","https://www.mohamedyaakoubi.com/en/sheetdiff/pricing","","","","","","79018","16052","16052","6.149","","369","75","4.920","71.158","Fairly Easy","3.710","3","2","","29","25","0","100.000","38","26","0","4","3","0","","","","","60da4b907bbd17ca28e45dbc75b87f74","0.386","","","","","en","1.1","","","","","","https://www.mohamedyaakoubi.com/en/sheetdiff/pricing","2026-05-09 05:29:24"
"https://www.mohamedyaakoubi.com/_next/image?url=%2Fcompanies%2FUnbabel_logo.webp&w=3840&q=75","","0","Blocked by robots.txt","Non-Indexable","Blocked by robots.txt","","0","0","","0","0","","0","","0","","0","","0","","","","","","","","","","","0","0","0","0.000","","0","","","","","0.000","3","1","","0","0","0","0.000","0","0","0","0","0","0","","","","","","","","","","","","None","","","","","","https://www.mohamedyaakoubi.com/_next/image?url=%2Fcompanies%2FUnbabel_logo.webp&w=3840&q=75","2026-05-09 05:29:24"
"https://www.mohamedyaakoubi.com/_next/static/chunks/4665-ae5272db6ce8eb18.js","","0","Blocked by robots.txt","Non-Indexable","Blocked by robots.txt","","0","0","","0","0","","0","","0","","0","","0","","","","","","","","","","","0","0","0","0.000","","0","","","","","0.000","3","3","","0","0","0","0.000","0","0","0","0","0","0","","","","","","","","","","","","None","","","","","","https://www.mohamedyaakoubi.com/_next/static/chunks/4665-ae5272db6ce8eb18.js","2026-05-09 05:29:24"
"https://www.mohamedyaakoubi.com/en/blog","text/html; charset=utf-8","200","OK","Indexable","","Blog | Mohamed Yaakoubi | AI, Cybersecurity & Language Technology Insights","74","689","Read articles by Mohamed Yaakoubi on AI security, penetration testing, responsible disclosure, and the intersection of AI-assisted development and cybersecurity best practices.","176","1120","Mohamed Yaakoubi, محمد يعقوبي, Mohamed Yakoubi, machine translation post-editor, LLM evaluator, AI language specialist, Arabic English translator, localization coordinator, linguistic quality assurance, video metadata writer, SEO metadata specialist, content moderator, AI annotator, prompt evaluator, AI content evaluation, translation quality reviewer, multilingual content writer, technical content writer, Wirestock metadata specialist, DeepL linguistic editor, Meta AI evaluator, Uber localization coordinator, RWS linguistic evaluator, Llama 4 evaluator, UbiAi technical writer, Unbabel post-editor, Volga Partners quality reviewer, Arabic Maghrebi dialect expert, prompt engineering, AI response ranking, CAT tools specialist, Smartcat, Amara subtitling, multilingual QA, data annotation services, dataset quality assurance, transcription services, image annotation, video content evaluation, media quality assessment, freelance translator Arabic English, localization services, resume writing services, career coaching, web development services, AI consultation, technical support services, educational consulting, React developer, Next.js, Firebase, TypeScript, Azure AI, WordPress, Sfax Tunisia, Tunisia freelancer, Arabic English French trilingual, remote AI specialist, North Africa localization expert","1314","Articles on AI, Security & Language Technology","46","AI Built It. I Broke It. AI Helped Me Break It.","47","RAG Challenge Technical Comparison: A Reproducible Post-Mortem","62","index, follow, max-video-preview:-1, max-image-preview:large, max-snippet:-1","index, follow, max-video-preview:-1, max-image-preview:large, max-snippet:-1","","","https://www.mohamedyaakoubi.com/en/blog","","","","","","164722","47722","47722","18.281","","110","20","5.500","55.894","Fairly Hard","0.861","3","1","","53","25","0","100.000","37","26","0","2","2","0","","","","","44a55d944e140066092d92b67af15183","0.547","","","","","en","1.1","","","","","","https://www.mohamedyaakoubi.com/en/blog","2026-05-09 05:29:24"
"https://www.mohamedyaakoubi.com/en/sheetdiff/api-docs/demo","text/html; charset=utf-8","200","OK","Indexable","","Demo Walkthrough — Structural Diff API","38","354","End-to-end example using a real podcast transcript. Covers column name adaptation, a full POST /v1/diff request, and interpreting CER/WER/SegER/SER/SACR scores in the context of annotation QA.","192","1257","structural diff API demo,transcript QA walkthrough,annotation diff example,CER WER SegER SER SACR score interpretation,column name mapping API,podcast transcript diff,AI annotation QA pipeline,SheetDiff demo","207","Demo Walkthrough","16","The scenario","12","The data","8","index, follow, max-video-preview:-1, max-image-preview:large, max-snippet:-1","index, follow, max-video-preview:-1, max-image-preview:large, max-snippet:-1","","","https://www.mohamedyaakoubi.com/en/sheetdiff/api-docs/demo","","","","","","151431","22464","22464","8.606","","2095","536","3.909","87.456","Easy","9.637","3","3","","37","25","0","100.000","52","26","0","2","2","0","","","","","5cf92719188198e861a61417d94c4121","0.639","","","","","en","1.1","","","","","","https://www.mohamedyaakoubi.com/en/sheetdiff/api-docs/demo","2026-05-09 05:29:24"
"https://www.mohamedyaakoubi.com/_next/image?url=%2Fcompanies%2FMeta_AI_logo.png&w=3840&q=75","","0","Blocked by robots.txt","Non-Indexable","Blocked by robots.txt","","0","0","","0","0","","0","","0","","0","","0","","","","","","","","","","","0","0","0","0.000","","0","","","","","0.000","3","1","","0","0","0","0.000","0","0","0","0","0","0","","","","","","","","","","","","None","","","","","","https://www.mohamedyaakoubi.com/_next/image?url=%2Fcompanies%2FMeta_AI_logo.png&w=3840&q=75","2026-05-09 05:29:25"
"https://www.mohamedyaakoubi.com/_next/image?url=%2Fcompanies%2Fpremise_logo.png&w=3840&q=75","","0","Blocked by robots.txt","Non-Indexable","Blocked by robots.txt","","0","0","","0","0","","0","","0","","0","","0","","","","","","","","","","","0","0","0","0.000","","0","","","","","0.000","3","1","","0","0","0","0.000","0","0","0","0","0","0","","","","","","","","","","","","None","","","","","","https://www.mohamedyaakoubi.com/_next/image?url=%2Fcompanies%2Fpremise_logo.png&w=3840&q=75","2026-05-09 05:29:25"
"https://www.mohamedyaakoubi.com/en/sheetdiff/api-docs/diff-statuses","text/html; charset=utf-8","200","OK","Indexable","","Diff Statuses Deep Dive — Structural Diff API","45","392","Full reference for every diff status: UNCHANGED, MODIFIED, ADDED, DELETED, SPLIT, and MERGED. Includes input/output examples, workflow context, and notes on source row handling.","177","1182","diff status UNCHANGED MODIFIED ADDED DELETED,SPLIT MERGED transcript diff,transcriptDiff inline diff,annotation QA diff statuses,source row MERGED artifact,CER WER SER transcript scoring,structural diff status reference,SheetDiff diff statuses","243","Diff Statuses","13","Engine pipeline note","20","UNCHANGED","9","index, follow, max-video-preview:-1, max-image-preview:large, max-snippet:-1","index, follow, max-video-preview:-1, max-image-preview:large, max-snippet:-1","","","https://www.mohamedyaakoubi.com/en/sheetdiff/api-docs/diff-statuses","","","","","","158789","22781","22781","8.727","","2353","539","4.365","83.863","Easy","9.367","3","3","","35","25","0","100.000","50","26","0","2","2","0","","","","","cf6cfa17b8ef7174eb9674ee73c1dd40","0.402","","","","","en","1.1","","","","","","https://www.mohamedyaakoubi.com/en/sheetdiff/api-docs/diff-statuses","2026-05-09 05:29:25"
"https://www.mohamedyaakoubi.com/_next/image?url=%2Fcompanies%2FRWS_logo.png&w=3840&q=75","","0","Blocked by robots.txt","Non-Indexable","Blocked by robots.txt","","0","0","","0","0","","0","","0","","0","","0","","","","","","","","","","","0","0","0","0.000","","0","","","","","0.000","3","1","","0","0","0","0.000","0","0","0","0","0","0","","","","","","","","","","","","None","","","","","","https://www.mohamedyaakoubi.com/_next/image?url=%2Fcompanies%2FRWS_logo.png&w=3840&q=75","2026-05-09 05:29:25"
"https://www.mohamedyaakoubi.com/en/privacy-policy","text/html; charset=utf-8","200","OK","Indexable","","Privacy Policy | Mohamed Yaakoubi","33","316","Privacy Policy for mohamedyaakoubi.com — how your data is collected, used, and protected, including information about Google AdSense advertising cookies.","153","1000","Mohamed Yaakoubi, محمد يعقوبي, Mohamed Yakoubi, machine translation post-editor, LLM evaluator, AI language specialist, Arabic English translator, localization coordinator, linguistic quality assurance, video metadata writer, SEO metadata specialist, content moderator, AI annotator, prompt evaluator, AI content evaluation, translation quality reviewer, multilingual content writer, technical content writer, Wirestock metadata specialist, DeepL linguistic editor, Meta AI evaluator, Uber localization coordinator, RWS linguistic evaluator, Llama 4 evaluator, UbiAi technical writer, Unbabel post-editor, Volga Partners quality reviewer, Arabic Maghrebi dialect expert, prompt engineering, AI response ranking, CAT tools specialist, Smartcat, Amara subtitling, multilingual QA, data annotation services, dataset quality assurance, transcription services, image annotation, video content evaluation, media quality assessment, freelance translator Arabic English, localization services, resume writing services, career coaching, web development services, AI consultation, technical support services, educational consulting, React developer, Next.js, Firebase, TypeScript, Azure AI, WordPress, Sfax Tunisia, Tunisia freelancer, Arabic English French trilingual, remote AI specialist, North Africa localization expert","1314","Privacy Policy","14","1. Introduction","15","2. Information I Collect","24","index, follow","","","","https://www.mohamedyaakoubi.com/en/privacy-policy","","","","","","79348","16608","16608","6.362","","945","159","5.943","57.296","Fairly Hard","8.282","3","1","","25","25","0","100.000","36","26","0","12","9","0","","","","","c476366e2748ed06ae55f29874f22663","0.369","","","","","en","1.1","","","","","","https://www.mohamedyaakoubi.com/en/privacy-policy","2026-05-09 05:29:25"
"https://www.mohamedyaakoubi.com/en/projects/potential","text/html; charset=utf-8","200","OK","Indexable","","Potential — AI Search Engine for Abu Dhabi Open Data | Mohamed Yaakoubi","71","670","Potential is an AI-powered search engine built on the Abu Dhabi Open Data Platform. Uses GPT-4 and Azure AI Search for natural language dataset retrieval, real-time indexing, and in-browser visualization. Top 10 at Abu Dhabi Spark AI Hackathon.","244","1556","Potential,AI search engine,Abu Dhabi Open Data,GPT-4,Azure AI Search,natural language processing,NLP,RAG,retrieval augmented generation,hackathon project,Next.js,open data platform,Mohamed Yaakoubi,محرك بحث ذكي,بيانات أبوظبي المفتوحة,الذكاء الاصطناعي","250","Potential — AI Search Engine for Abu Dhabi Open Data","52","Watch it in action","18","The Potential Pipeline","22","index, follow, max-video-preview:-1, max-image-preview:large, max-snippet:-1","index, follow, max-video-preview:-1, max-image-preview:large, max-snippet:-1","","","https://www.mohamedyaakoubi.com/en/projects/potential","","","","","","93028","17716","17716","6.787","","476","84","5.667","61.031","Normal","3.968","3","2","","26","25","0","100.000","36","26","0","6","4","0","","","","","5e38d1733e4002b4b308530b62417e6d","0.440","","","","","en","1.1","","","","","","https://www.mohamedyaakoubi.com/en/projects/potential","2026-05-09 05:29:25"
"https://www.mohamedyaakoubi.com/_next/static/chunks/app/%5Blocale%5D/layout-1dd69ccd804a8908.js","","0","Blocked by robots.txt","Non-Indexable","Blocked by robots.txt","","0","0","","0","0","","0","","0","","0","","0","","","","","","","","","","","0","0","0","0.000","","0","","","","","0.000","3","5","","0","0","0","0.000","0","0","0","0","0","0","","","","","","","","","","","","None","","","","","","https://www.mohamedyaakoubi.com/_next/static/chunks/app/%5Blocale%5D/layout-1dd69ccd804a8908.js","2026-05-09 05:29:26"
"https://www.mohamedyaakoubi.com/_next/static/css/cc6a855a05525f4c.css","","0","Blocked by robots.txt","Non-Indexable","Blocked by robots.txt","","0","0","","0","0","","0","","0","","0","","0","","","","","","","","","","","0","0","0","0.000","","0","","","","","0.000","3","3","","0","0","0","0.000","0","0","0","0","0","0","","","","","","","","","","","","None","","","","","","https://www.mohamedyaakoubi.com/_next/static/css/cc6a855a05525f4c.css","2026-05-09 05:29:26"
"https://www.mohamedyaakoubi.com/_next/static/css/9318dc111366ee1d.css","","0","Blocked by robots.txt","Non-Indexable","Blocked by robots.txt","","0","0","","0","0","","0","","0","","0","","0","","","","","","","","","","","0","0","0","0.000","","0","","","","","0.000","3","3","","0","0","0","0.000","0","0","0","0","0","0","","","","","","","","","","","","None","","","","","","https://www.mohamedyaakoubi.com/_next/static/css/9318dc111366ee1d.css","2026-05-09 05:29:26"
"https://www.mohamedyaakoubi.com/_next/image?url=%2Fcompanies%2Fwirestock.avif&w=3840&q=75","","0","Blocked by robots.txt","Non-Indexable","Blocked by robots.txt","","0","0","","0","0","","0","","0","","0","","0","","","","","","","","","","","0","0","0","0.000","","0","","","","","0.000","3","1","","0","0","0","0.000","0","0","0","0","0","0","","","","","","","","","","","","None","","","","","","https://www.mohamedyaakoubi.com/_next/image?url=%2Fcompanies%2Fwirestock.avif&w=3840&q=75","2026-05-09 05:29:26"
"https://www.mohamedyaakoubi.com/_next/static/chunks/4bd1b696-100b9d70ed4e49c1.js","","0","Blocked by robots.txt","Non-Indexable","Blocked by robots.txt","","0","0","","0","0","","0","","0","","0","","0","","","","","","","","","","","0","0","0","0.000","","0","","","","","0.000","3","3","","0","0","0","0.000","0","0","0","0","0","0","","","","","","","","","","","","None","","","","","","https://www.mohamedyaakoubi.com/_next/static/chunks/4bd1b696-100b9d70ed4e49c1.js","2026-05-09 05:29:26"
"https://www.mohamedyaakoubi.com/_next/static/chunks/7175-452a7a40168bfd8e.js","","0","Blocked by robots.txt","Non-Indexable","Blocked by robots.txt","","0","0","","0","0","","0","","0","","0","","0","","","","","","","","","","","0","0","0","0.000","","0","","","","","0.000","3","3","","0","0","0","0.000","0","0","0","0","0","0","","","","","","","","","","","","None","","","","","","https://www.mohamedyaakoubi.com/_next/static/chunks/7175-452a7a40168bfd8e.js","2026-05-09 05:29:26"
"https://www.mohamedyaakoubi.com/en/sheetdiff","text/html; charset=utf-8","200","OK","Indexable","","SheetDiff™ — Compare Google Sheets™ | Spreadsheet Diff & QA Add-on","66","626","Compare two Google Sheets™ versions and detect every change — modified, split, merged, added & deleted rows. Color-coded diff reports with WER/CER/SER metrics. Used by transcription and localization teams. Free 7-day trial, no credit card required.","248","1591","google sheets diff,compare google sheets,compare two google sheets,spreadsheet comparison tool,google sheets add-on,localization QA,transcription QA,subtitle diff tool,WER CER SER metrics,spreadsheet version control,data quality assurance,google sheets compare versions,detect changes in google sheets,google workspace add-on,spreadsheet diff tool","347","SheetDiff™ — Compare, QA","24","Comparison Modes","16","Who Uses SheetDiff™?","20","index, follow, max-video-preview:-1, max-image-preview:large, max-snippet:-1","index, follow, max-video-preview:-1, max-image-preview:large, max-snippet:-1","","","https://www.mohamedyaakoubi.com/en/sheetdiff","","","","","","104194","20934","20934","8.019","","481","92","5.228","50.093","Fairly Hard","3.768","3","1","","57","25","0","100.000","40","27","0","4","3","0","","","","","1d9de537d50a04e9cdc7d0bf069c7972","0.445","","","","","en","1.1","","","","","","https://www.mohamedyaakoubi.com/en/sheetdiff","2026-05-09 05:29:26"
"https://www.mohamedyaakoubi.com/_next/image?url=%2Fcompanies%2Fubi.png&w=3840&q=75","","0","Blocked by robots.txt","Non-Indexable","Blocked by robots.txt","","0","0","","0","0","","0","","0","","0","","0","","","","","","","","","","","0","0","0","0.000","","0","","","","","0.000","3","1","","0","0","0","0.000","0","0","0","0","0","0","","","","","","","","","","","","None","","","","","","https://www.mohamedyaakoubi.com/_next/image?url=%2Fcompanies%2Fubi.png&w=3840&q=75","2026-05-09 05:29:27"
"https://www.mohamedyaakoubi.com/Mohamed_Yaakoubi.pdf","application/pdf","200","OK","Indexable","","Mohamed_Yaakoubi","16","182","","0","0","DAGVPHytQ_0,BAGNXWKZrTA,0","25","","0","","0","","0","","","","","","","","","","","317516","317516","317516","121.634","","0","","","","","0.000","3","0","","1","1","0","4.000","0","0","0","0","0","0","","","","","","0.351","Sat, 09 May 2026 04:29:27 GMT","","","","","1.1","","","","","","https://www.mohamedyaakoubi.com/Mohamed_Yaakoubi.pdf","2026-05-09 05:29:26"
"https://www.mohamedyaakoubi.com/_next/static/chunks/7141-617d510d18a24063.js","","0","Blocked by robots.txt","Non-Indexable","Blocked by robots.txt","","0","0","","0","0","","0","","0","","0","","0","","","","","","","","","","","0","0","0","0.000","","0","","","","","0.000","3","3","","0","0","0","0.000","0","0","0","0","0","0","","","","","","","","","","","","None","","","","","","https://www.mohamedyaakoubi.com/_next/static/chunks/7141-617d510d18a24063.js","2026-05-09 05:29:27"
"https://www.mohamedyaakoubi.com/_next/static/chunks/8e1d74a4-f1bf1a27f37f3030.js","","0","Blocked by robots.txt","Non-Indexable","Blocked by robots.txt","","0","0","","0","0","","0","","0","","0","","0","","","","","","","","","","","0","0","0","0.000","","0","","","","","0.000","3","3","","0","0","0","0.000","0","0","0","0","0","0","","","","","","","","","","","","None","","","","","","https://www.mohamedyaakoubi.com/_next/static/chunks/8e1d74a4-f1bf1a27f37f3030.js","2026-05-09 05:29:28"
"https://www.mohamedyaakoubi.com/en/sheetdiff/api-docs/terms-of-service","text/html; charset=utf-8","200","OK","Indexable","","Terms of Service — Structural Diff API | Mohamed Yaakoubi","57","526","Terms of Service for the Structural Diff API: permitted use, prohibited activities, rate limits, IP rights, and governing law.","126","750","Mohamed Yaakoubi, محمد يعقوبي, Mohamed Yakoubi, machine translation post-editor, LLM evaluator, AI language specialist, Arabic English translator, localization coordinator, linguistic quality assurance, video metadata writer, SEO metadata specialist, content moderator, AI annotator, prompt evaluator, AI content evaluation, translation quality reviewer, multilingual content writer, technical content writer, Wirestock metadata specialist, DeepL linguistic editor, Meta AI evaluator, Uber localization coordinator, RWS linguistic evaluator, Llama 4 evaluator, UbiAi technical writer, Unbabel post-editor, Volga Partners quality reviewer, Arabic Maghrebi dialect expert, prompt engineering, AI response ranking, CAT tools specialist, Smartcat, Amara subtitling, multilingual QA, data annotation services, dataset quality assurance, transcription services, image annotation, video content evaluation, media quality assessment, freelance translator Arabic English, localization services, resume writing services, career coaching, web development services, AI consultation, technical support services, educational consulting, React developer, Next.js, Firebase, TypeScript, Azure AI, WordPress, Sfax Tunisia, Tunisia freelancer, Arabic English French trilingual, remote AI specialist, North Africa localization expert","1314","Terms of Service","16","1. Acceptance","13","2. API Access and License","25","index, follow, max-video-preview:-1, max-image-preview:large, max-snippet:-1","index, follow, max-video-preview:-1, max-image-preview:large, max-snippet:-1","","","https://www.mohamedyaakoubi.com/en/sheetdiff/api-docs/terms-of-service","","","","","","68202","15167","15167","5.810","","570","95","6.000","56.628","Fairly Hard","6.326","3","3","","30","25","0","100.000","37","27","0","2","2","0","","","","","9bdcfb86f417616be44a3fe84a01e728","0.356","","","","","en","1.1","","","","","","https://www.mohamedyaakoubi.com/en/sheetdiff/api-docs/terms-of-service","2026-05-09 05:29:28"
"https://www.mohamedyaakoubi.com/_next/static/chunks/7303-803c57762adc492a.js","","0","Blocked by robots.txt","Non-Indexable","Blocked by robots.txt","","0","0","","0","0","","0","","0","","0","","0","","","","","","","","","","","0","0","0","0.000","","0","","","","","0.000","3","3","","0","0","0","0.000","0","0","0","0","0","0","","","","","","","","","","","","None","","","","","","https://www.mohamedyaakoubi.com/_next/static/chunks/7303-803c57762adc492a.js","2026-05-09 05:29:28"
"https://www.mohamedyaakoubi.com/_next/static/css/81339dc41d5d0251.css","","0","Blocked by robots.txt","Non-Indexable","Blocked by robots.txt","","0","0","","0","0","","0","","0","","0","","0","","","","","","","","","","","0","0","0","0.000","","0","","","","","0.000","3","3","","0","0","0","0.000","0","0","0","0","0","0","","","","","","","","","","","","None","","","","","","https://www.mohamedyaakoubi.com/_next/static/css/81339dc41d5d0251.css","2026-05-09 05:29:28"
"https://www.mohamedyaakoubi.com/_next/image?url=%2Fhero-light.webp&w=3840&q=65","","0","Blocked by robots.txt","Non-Indexable","Blocked by robots.txt","","0","0","","0","0","","0","","0","","0","","0","","","","","","","","","","","0","0","0","0.000","","0","","","","","0.000","3","1","","0","0","0","0.000","0","0","0","0","0","0","","","","","","","","","","","","None","","","","","","https://www.mohamedyaakoubi.com/_next/image?url=%2Fhero-light.webp&w=3840&q=65","2026-05-09 05:29:28"
"https://www.mohamedyaakoubi.com/_next/static/chunks/app/%5Blocale%5D/not-found-ea7d4693e0a1b0f2.js","","0","Blocked by robots.txt","Non-Indexable","Blocked by robots.txt","","0","0","","0","0","","0","","0","","0","","0","","","","","","","","","","","0","0","0","0.000","","0","","","","","0.000","3","5","","0","0","0","0.000","0","0","0","0","0","0","","","","","","","","","","","","None","","","","","","https://www.mohamedyaakoubi.com/_next/static/chunks/app/%5Blocale%5D/not-found-ea7d4693e0a1b0f2.js","2026-05-09 05:29:28"
"https://www.mohamedyaakoubi.com/_next/image?url=%2Fcompanies%2Fvolga_logo.png&w=3840&q=75","","0","Blocked by robots.txt","Non-Indexable","Blocked by robots.txt","","0","0","","0","0","","0","","0","","0","","0","","","","","","","","","","","0","0","0","0.000","","0","","","","","0.000","3","1","","0","0","0","0.000","0","0","0","0","0","0","","","","","","","","","","","","None","","","","","","https://www.mohamedyaakoubi.com/_next/image?url=%2Fcompanies%2Fvolga_logo.png&w=3840&q=75","2026-05-09 05:29:28"
"https://www.mohamedyaakoubi.com/_next/static/chunks/2865-15660b94db6e4882.js","","0","Blocked by robots.txt","Non-Indexable","Blocked by robots.txt","","0","0","","0","0","","0","","0","","0","","0","","","","","","","","","","","0","0","0","0.000","","0","","","","","0.000","3","3","","0","0","0","0.000","0","0","0","0","0","0","","","","","","","","","","","","None","","","","","","https://www.mohamedyaakoubi.com/_next/static/chunks/2865-15660b94db6e4882.js","2026-05-09 05:29:28"
"https://www.mohamedyaakoubi.com/_next/image?url=%2Fcompanies%2Fprosessor_ai_logo.png&w=3840&q=75","","0","Blocked by robots.txt","Non-Indexable","Blocked by robots.txt","","0","0","","0","0","","0","","0","","0","","0","","","","","","","","","","","0","0","0","0.000","","0","","","","","0.000","3","1","","0","0","0","0.000","0","0","0","0","0","0","","","","","","","","","","","","None","","","","","","https://www.mohamedyaakoubi.com/_next/image?url=%2Fcompanies%2Fprosessor_ai_logo.png&w=3840&q=75","2026-05-09 05:29:28"
"https://www.mohamedyaakoubi.com/en/sheetdiff/api-docs/privacy-policy","text/html; charset=utf-8","200","OK","Indexable","","Privacy Policy — Structural Diff API | Mohamed Yaakoubi","55","501","Privacy Policy for the Structural Diff API: how request data is processed, what is logged, and how API keys are stored.","119","739","Mohamed Yaakoubi, محمد يعقوبي, Mohamed Yakoubi, machine translation post-editor, LLM evaluator, AI language specialist, Arabic English translator, localization coordinator, linguistic quality assurance, video metadata writer, SEO metadata specialist, content moderator, AI annotator, prompt evaluator, AI content evaluation, translation quality reviewer, multilingual content writer, technical content writer, Wirestock metadata specialist, DeepL linguistic editor, Meta AI evaluator, Uber localization coordinator, RWS linguistic evaluator, Llama 4 evaluator, UbiAi technical writer, Unbabel post-editor, Volga Partners quality reviewer, Arabic Maghrebi dialect expert, prompt engineering, AI response ranking, CAT tools specialist, Smartcat, Amara subtitling, multilingual QA, data annotation services, dataset quality assurance, transcription services, image annotation, video content evaluation, media quality assessment, freelance translator Arabic English, localization services, resume writing services, career coaching, web development services, AI consultation, technical support services, educational consulting, React developer, Next.js, Firebase, TypeScript, Azure AI, WordPress, Sfax Tunisia, Tunisia freelancer, Arabic English French trilingual, remote AI specialist, North Africa localization expert","1314","Privacy Policy","14","1. Overview","11","2. Data You Submit","18","index, follow, max-video-preview:-1, max-image-preview:large, max-snippet:-1","index, follow, max-video-preview:-1, max-image-preview:large, max-snippet:-1","","","https://www.mohamedyaakoubi.com/en/sheetdiff/api-docs/privacy-policy","","","","","","67081","14662","14662","5.617","","387","74","5.230","52.438","Fairly Hard","4.764","3","3","","30","25","0","100.000","37","27","0","2","2","0","","","","","ebe045ecd24a1d775a0669cd23487a5b","0.399","","","","","en","1.1","","","","","","https://www.mohamedyaakoubi.com/en/sheetdiff/api-docs/privacy-policy","2026-05-09 05:29:28"
"https://www.mohamedyaakoubi.com/en/terms-of-service","text/html; charset=utf-8","200","OK","Indexable","","Terms of Service | Mohamed Yaakoubi","35","342","Terms of Service for mohamedyaakoubi.com — rules for using this website, intellectual property, disclaimers, and governing law.","127","813","Mohamed Yaakoubi, محمد يعقوبي, Mohamed Yakoubi, machine translation post-editor, LLM evaluator, AI language specialist, Arabic English translator, localization coordinator, linguistic quality assurance, video metadata writer, SEO metadata specialist, content moderator, AI annotator, prompt evaluator, AI content evaluation, translation quality reviewer, multilingual content writer, technical content writer, Wirestock metadata specialist, DeepL linguistic editor, Meta AI evaluator, Uber localization coordinator, RWS linguistic evaluator, Llama 4 evaluator, UbiAi technical writer, Unbabel post-editor, Volga Partners quality reviewer, Arabic Maghrebi dialect expert, prompt engineering, AI response ranking, CAT tools specialist, Smartcat, Amara subtitling, multilingual QA, data annotation services, dataset quality assurance, transcription services, image annotation, video content evaluation, media quality assessment, freelance translator Arabic English, localization services, resume writing services, career coaching, web development services, AI consultation, technical support services, educational consulting, React developer, Next.js, Firebase, TypeScript, Azure AI, WordPress, Sfax Tunisia, Tunisia freelancer, Arabic English French trilingual, remote AI specialist, North Africa localization expert","1314","Terms of Service","16","1. Acceptance of Terms","22","2. Use of the Website","21","index, follow","","","","https://www.mohamedyaakoubi.com/en/terms-of-service","","","","","","75076","15857","15857","6.075","","668","109","6.128","57.631","Fairly Hard","6.480","3","1","","25","25","0","100.000","36","26","0","4","3","0","","","","","94539289c3f8c46342522ccc311eaa76","0.407","","","","","en","1.1","","","","","","https://www.mohamedyaakoubi.com/en/terms-of-service","2026-05-09 05:29:28"
"https://www.mohamedyaakoubi.com/_next/static/chunks/app/%5Blocale%5D/terms-of-service/page-e17cff9cc322288d.js","","0","Blocked by robots.txt","Non-Indexable","Blocked by robots.txt","","0","0","","0","0","","0","","0","","0","","0","","","","","","","","","","","0","0","0","0.000","","0","","","","","0.000","4","6","","0","0","0","0.000","0","0","0","0","0","0","","","","","","","","","","","","None","","","","","","https://www.mohamedyaakoubi.com/_next/static/chunks/app/%5Blocale%5D/terms-of-service/page-e17cff9cc322288d.js","2026-05-09 05:29:29"
"https://www.mohamedyaakoubi.com/en/sheetdiff/api-docs/parameters","text/html; charset=utf-8","200","OK","Indexable","","Config Parameters Guide — Structural Diff API","45","407","Detailed guide to every config option in the Structural Diff API: simpleMode, stripDiacritics, positionalMode, ignoreColNames, and expert similarity thresholds. Includes before/after examples.","192","1200","structural diff API config,simpleMode transcript diff,stripDiacritics Arabic NLP,ignoreColNames annotation QA,positionalMode diff,enableSplits enableMerges,transcript comparison parameters,SheetDiff API config guide","215","Config Parameters","17","When to customize the config","28","simpleMode","10","index, follow, max-video-preview:-1, max-image-preview:large, max-snippet:-1","index, follow, max-video-preview:-1, max-image-preview:large, max-snippet:-1","","","https://www.mohamedyaakoubi.com/en/sheetdiff/api-docs/parameters","","","","","","178539","26052","26052","9.980","","3497","771","4.536","65.207","Normal","13.311","3","3","","41","25","0","100.000","56","26","0","2","2","0","","","","","b02985f2ee6463cc82cba9ba1b3c8861","0.439","","","","","en","1.1","","","","","","https://www.mohamedyaakoubi.com/en/sheetdiff/api-docs/parameters","2026-05-09 05:29:29"
"https://www.mohamedyaakoubi.com/_next/static/chunks/app/%5Blocale%5D/sheetdiff/api-docs/privacy-policy/page-e70f0eac620fb335.js","","0","Blocked by robots.txt","Non-Indexable","Blocked by robots.txt","","0","0","","0","0","","0","","0","","0","","0","","","","","","","","","","","0","0","0","0.000","","0","","","","","0.000","4","8","","0","0","0","0.000","0","0","0","0","0","0","","","","","","","","","","","","None","","","","","","https://www.mohamedyaakoubi.com/_next/static/chunks/app/%5Blocale%5D/sheetdiff/api-docs/privacy-policy/page-e70f0eac620fb335.js","2026-05-09 05:29:29"
"https://www.mohamedyaakoubi.com/_next/static/chunks/app/%5Blocale%5D/sheetdiff/api-docs/parameters/page-894affef2176cf42.js","","0","Blocked by robots.txt","Non-Indexable","Blocked by robots.txt","","0","0","","0","0","","0","","0","","0","","0","","","","","","","","","","","0","0","0","0.000","","0","","","","","0.000","4","8","","0","0","0","0.000","0","0","0","0","0","0","","","","","","","","","","","","None","","","","","","https://www.mohamedyaakoubi.com/_next/static/chunks/app/%5Blocale%5D/sheetdiff/api-docs/parameters/page-894affef2176cf42.js","2026-05-09 05:29:29"
"https://www.mohamedyaakoubi.com/_next/static/chunks/app/%5Blocale%5D/sheetdiff/api-docs/terms-of-service/page-e0ed81a41b7800e4.js","","0","Blocked by robots.txt","Non-Indexable","Blocked by robots.txt","","0","0","","0","0","","0","","0","","0","","0","","","","","","","","","","","0","0","0","0.000","","0","","","","","0.000","4","8","","0","0","0","0.000","0","0","0","0","0","0","","","","","","","","","","","","None","","","","","","https://www.mohamedyaakoubi.com/_next/static/chunks/app/%5Blocale%5D/sheetdiff/api-docs/terms-of-service/page-e0ed81a41b7800e4.js","2026-05-09 05:29:29"
"https://www.mohamedyaakoubi.com/contact","text/html","308","Permanent Redirect","Non-Indexable","Redirected","","0","0","","0","0","","0","","0","","0","","0","","","","","","","","","","","0","0","0","0.000","","0","","","","","0.000","4","0","","2","2","0","8.000","0","0","0","0","0","0","","","","","","0.087","","https://www.mohamedyaakoubi.com/en/contact","HTTP Redirect","","","1.1","","","","","","https://www.mohamedyaakoubi.com/contact","2026-05-09 05:29:29"
"https://www.mohamedyaakoubi.com/_next/static/chunks/app/%5Blocale%5D/sheetdiff/page-1a9af65180ddee68.js","","0","Blocked by robots.txt","Non-Indexable","Blocked by robots.txt","","0","0","","0","0","","0","","0","","0","","0","","","","","","","","","","","0","0","0","0.000","","0","","","","","0.000","4","6","","0","0","0","0.000","0","0","0","0","0","0","","","","","","","","","","","","None","","","","","","https://www.mohamedyaakoubi.com/_next/static/chunks/app/%5Blocale%5D/sheetdiff/page-1a9af65180ddee68.js","2026-05-09 05:29:33"
"https://www.mohamedyaakoubi.com/_next/image?url=https%3A%2F%2Fi.ytimg.com%2Fvi%2FDEYJDKrKUvY%2Fhqdefault.jpg&w=3840&q=75","","0","Blocked by robots.txt","Non-Indexable","Blocked by robots.txt","","0","0","","0","0","","0","","0","","0","","0","","","","","","","","","","","0","0","0","0.000","","0","","","","","0.000","4","1","","0","0","0","0.000","0","0","0","0","0","0","","","","","","","","","","","","None","","","","","","https://www.mohamedyaakoubi.com/_next/image?url=https%3A%2F%2Fi.ytimg.com%2Fvi%2FDEYJDKrKUvY%2Fhqdefault.jpg&w=3840&q=75","2026-05-09 05:29:33"
"https://www.mohamedyaakoubi.com/_next/image?url=https%3A%2F%2Fi.ytimg.com%2Fvi%2Fyb6ZIyAy92g%2Fhqdefault.jpg&w=3840&q=75","","0","Blocked by robots.txt","Non-Indexable","Blocked by robots.txt","","0","0","","0","0","","0","","0","","0","","0","","","","","","","","","","","0","0","0","0.000","","0","","","","","0.000","4","1","","0","0","0","0.000","0","0","0","0","0","0","","","","","","","","","","","","None","","","","","","https://www.mohamedyaakoubi.com/_next/image?url=https%3A%2F%2Fi.ytimg.com%2Fvi%2Fyb6ZIyAy92g%2Fhqdefault.jpg&w=3840&q=75","2026-05-09 05:29:34"
"https://www.mohamedyaakoubi.com/_next/image?url=https%3A%2F%2Fi.ytimg.com%2Fvi%2Fbww1ngIgS-g%2Fhqdefault.jpg&w=3840&q=75","","0","Blocked by robots.txt","Non-Indexable","Blocked by robots.txt","","0","0","","0","0","","0","","0","","0","","0","","","","","","","","","","","0","0","0","0.000","","0","","","","","0.000","4","1","","0","0","0","0.000","0","0","0","0","0","0","","","","","","","","","","","","None","","","","","","https://www.mohamedyaakoubi.com/_next/image?url=https%3A%2F%2Fi.ytimg.com%2Fvi%2Fbww1ngIgS-g%2Fhqdefault.jpg&w=3840&q=75","2026-05-09 05:29:34"
"https://www.mohamedyaakoubi.com/_next/image?url=https%3A%2F%2Fi.ytimg.com%2Fvi%2Fldz38xUGmHY%2Fhqdefault.jpg&w=3840&q=75","","0","Blocked by robots.txt","Non-Indexable","Blocked by robots.txt","","0","0","","0","0","","0","","0","","0","","0","","","","","","","","","","","0","0","0","0.000","","0","","","","","0.000","4","1","","0","0","0","0.000","0","0","0","0","0","0","","","","","","","","","","","","None","","","","","","https://www.mohamedyaakoubi.com/_next/image?url=https%3A%2F%2Fi.ytimg.com%2Fvi%2Fldz38xUGmHY%2Fhqdefault.jpg&w=3840&q=75","2026-05-09 05:29:34"
"https://www.mohamedyaakoubi.com/_next/static/chunks/app/%5Blocale%5D/projects/potential/page-7749692dccbb6080.js","","0","Blocked by robots.txt","Non-Indexable","Blocked by robots.txt","","0","0","","0","0","","0","","0","","0","","0","","","","","","","","","","","0","0","0","0.000","","0","","","","","0.000","4","7","","0","0","0","0.000","0","0","0","0","0","0","","","","","","","","","","","","None","","","","","","https://www.mohamedyaakoubi.com/_next/static/chunks/app/%5Blocale%5D/projects/potential/page-7749692dccbb6080.js","2026-05-09 05:29:34"
"https://www.mohamedyaakoubi.com/_next/static/chunks/5412-16f0f4e7affe225e.js","","0","Blocked by robots.txt","Non-Indexable","Blocked by robots.txt","","0","0","","0","0","","0","","0","","0","","0","","","","","","","","","","","0","0","0","0.000","","0","","","","","0.000","4","3","","0","0","0","0.000","0","0","0","0","0","0","","","","","","","","","","","","None","","","","","","https://www.mohamedyaakoubi.com/_next/static/chunks/5412-16f0f4e7affe225e.js","2026-05-09 05:29:34"
"https://mohamedyaakoubi.com/en","text/html","307","Temporary Redirect","Non-Indexable","Redirected","","0","0","","0","0","","0","","0","","0","","0","","","","","","","","","","","0","0","0","0.000","","0","","","","","0.000","4","0","","1","1","0","4.000","0","0","0","0","0","0","","","","","","0.409","","https://www.mohamedyaakoubi.com/en","HTTP Redirect","","","1.1","","","","","","https://mohamedyaakoubi.com/en","2026-05-09 05:29:34"
"https://www.mohamedyaakoubi.com/_next/static/chunks/app/%5Blocale%5D/privacy-policy/page-41b452c349bf1619.js","","0","Blocked by robots.txt","Non-Indexable","Blocked by robots.txt","","0","0","","0","0","","0","","0","","0","","0","","","","","","","","","","","0","0","0","0.000","","0","","","","","0.000","4","6","","0","0","0","0.000","0","0","0","0","0","0","","","","","","","","","","","","None","","","","","","https://www.mohamedyaakoubi.com/_next/static/chunks/app/%5Blocale%5D/privacy-policy/page-41b452c349bf1619.js","2026-05-09 05:29:35"
"https://www.mohamedyaakoubi.com/_next/static/chunks/app/%5Blocale%5D/sheetdiff/api-docs/diff-statuses/page-83e7ddc687949db7.js","","0","Blocked by robots.txt","Non-Indexable","Blocked by robots.txt","","0","0","","0","0","","0","","0","","0","","0","","","","","","","","","","","0","0","0","0.000","","0","","","","","0.000","4","8","","0","0","0","0.000","0","0","0","0","0","0","","","","","","","","","","","","None","","","","","","https://www.mohamedyaakoubi.com/_next/static/chunks/app/%5Blocale%5D/sheetdiff/api-docs/diff-statuses/page-83e7ddc687949db7.js","2026-05-09 05:29:35"
"https://www.mohamedyaakoubi.com/_next/static/chunks/app/%5Blocale%5D/sheetdiff/api-docs/demo/page-6ed180066fd5dcf4.js","","0","Blocked by robots.txt","Non-Indexable","Blocked by robots.txt","","0","0","","0","0","","0","","0","","0","","0","","","","","","","","","","","0","0","0","0.000","","0","","","","","0.000","4","8","","0","0","0","0.000","0","0","0","0","0","0","","","","","","","","","","","","None","","","","","","https://www.mohamedyaakoubi.com/_next/static/chunks/app/%5Blocale%5D/sheetdiff/api-docs/demo/page-6ed180066fd5dcf4.js","2026-05-09 05:29:35"
"https://www.mohamedyaakoubi.com/_next/static/chunks/app/%5Blocale%5D/blog/page-77602a6930146c51.js","","0","Blocked by robots.txt","Non-Indexable","Blocked by robots.txt","","0","0","","0","0","","0","","0","","0","","0","","","","","","","","","","","0","0","0","0.000","","0","","","","","0.000","4","6","","0","0","0","0.000","0","0","0","0","0","0","","","","","","","","","","","","None","","","","","","https://www.mohamedyaakoubi.com/_next/static/chunks/app/%5Blocale%5D/blog/page-77602a6930146c51.js","2026-05-09 05:29:35"
"https://www.mohamedyaakoubi.com/_next/static/chunks/app/%5Blocale%5D/sheetdiff/pricing/page-a78abbcbf2263d50.js","","0","Blocked by robots.txt","Non-Indexable","Blocked by robots.txt","","0","0","","0","0","","0","","0","","0","","0","","","","","","","","","","","0","0","0","0.000","","0","","","","","0.000","4","7","","0","0","0","0.000","0","0","0","0","0","0","","","","","","","","","","","","None","","","","","","https://www.mohamedyaakoubi.com/_next/static/chunks/app/%5Blocale%5D/sheetdiff/pricing/page-a78abbcbf2263d50.js","2026-05-09 05:29:35"
"https://www.mohamedyaakoubi.com/_next/static/chunks/app/%5Blocale%5D/experience/page-cfb02c339968e411.js","","0","Blocked by robots.txt","Non-Indexable","Blocked by robots.txt","","0","0","","0","0","","0","","0","","0","","0","","","","","","","","","","","0","0","0","0.000","","0","","","","","0.000","4","6","","0","0","0","0.000","0","0","0","0","0","0","","","","","","","","","","","","None","","","","","","https://www.mohamedyaakoubi.com/_next/static/chunks/app/%5Blocale%5D/experience/page-cfb02c339968e411.js","2026-05-09 05:29:36"
"https://www.mohamedyaakoubi.com/_next/static/chunks/app/%5Blocale%5D/sheetdiff/api-docs/playground/page-028ff2a01f87e03b.js","","0","Blocked by robots.txt","Non-Indexable","Blocked by robots.txt","","0","0","","0","0","","0","","0","","0","","0","","","","","","","","","","","0","0","0","0.000","","0","","","","","0.000","4","8","","0","0","0","0.000","0","0","0","0","0","0","","","","","","","","","","","","None","","","","","","https://www.mohamedyaakoubi.com/_next/static/chunks/app/%5Blocale%5D/sheetdiff/api-docs/playground/page-028ff2a01f87e03b.js","2026-05-09 05:29:37"
"https://www.mohamedyaakoubi.com/_next/static/chunks/app/%5Blocale%5D/sheetdiff/terms-of-service/page-33f4c14a05ebb818.js","","0","Blocked by robots.txt","Non-Indexable","Blocked by robots.txt","","0","0","","0","0","","0","","0","","0","","0","","","","","","","","","","","0","0","0","0.000","","0","","","","","0.000","4","7","","0","0","0","0.000","0","0","0","0","0","0","","","","","","","","","","","","None","","","","","","https://www.mohamedyaakoubi.com/_next/static/chunks/app/%5Blocale%5D/sheetdiff/terms-of-service/page-33f4c14a05ebb818.js","2026-05-09 05:29:37"
"https://www.mohamedyaakoubi.com/_next/static/chunks/app/%5Blocale%5D/sheetdiff/api-docs/engine-precision/page-26eed7bc4c16cdd7.js","","0","Blocked by robots.txt","Non-Indexable","Blocked by robots.txt","","0","0","","0","0","","0","","0","","0","","0","","","","","","","","","","","0","0","0","0.000","","0","","","","","0.000","4","8","","0","0","0","0.000","0","0","0","0","0","0","","","","","","","","","","","","None","","","","","","https://www.mohamedyaakoubi.com/_next/static/chunks/app/%5Blocale%5D/sheetdiff/api-docs/engine-precision/page-26eed7bc4c16cdd7.js","2026-05-09 05:29:37"
"https://www.mohamedyaakoubi.com/en/sheetdiff/privacy","text/html; charset=utf-8","404","Not Found","Non-Indexable","Client Error","","0","0","","0","0","","0","","0","","0","","0","","","","","","","","","","","0","0","0","0.000","","0","","","","","0.000","4","2","","1","1","0","4.000","0","0","0","0","0","0","","","","","","1.181","","","","","","1.1","","","","","","https://www.mohamedyaakoubi.com/en/sheetdiff/privacy","2026-05-09 05:29:37"
"https://www.mohamedyaakoubi.com/_next/image?url=%2Fsheetdiff-logo.png&w=3840&q=75","","0","Blocked by robots.txt","Non-Indexable","Blocked by robots.txt","","0","0","","0","0","","0","","0","","0","","0","","","","","","","","","","","0","0","0","0.000","","0","","","","","0.000","4","1","","0","0","0","0.000","0","0","0","0","0","0","","","","","","","","","","","","None","","","","","","https://www.mohamedyaakoubi.com/_next/image?url=%2Fsheetdiff-logo.png&w=3840&q=75","2026-05-09 05:29:38"
"https://www.mohamedyaakoubi.com/_next/image?url=%2FPotential.webp&w=3840&q=75","","0","Blocked by robots.txt","Non-Indexable","Blocked by robots.txt","","0","0","","0","0","","0","","0","","0","","0","","","","","","","","","","","0","0","0","0.000","","0","","","","","0.000","4","1","","0","0","0","0.000","0","0","0","0","0","0","","","","","","","","","","","","None","","","","","","https://www.mohamedyaakoubi.com/_next/image?url=%2FPotential.webp&w=3840&q=75","2026-05-09 05:29:38"
"https://www.mohamedyaakoubi.com/_next/static/chunks/app/%5Blocale%5D/projects/page-6966e5d237538422.js","","0","Blocked by robots.txt","Non-Indexable","Blocked by robots.txt","","0","0","","0","0","","0","","0","","0","","0","","","","","","","","","","","0","0","0","0.000","","0","","","","","0.000","4","6","","0","0","0","0.000","0","0","0","0","0","0","","","","","","","","","","","","None","","","","","","https://www.mohamedyaakoubi.com/_next/static/chunks/app/%5Blocale%5D/projects/page-6966e5d237538422.js","2026-05-09 05:29:38"
"https://www.mohamedyaakoubi.com/_next/static/chunks/8768-166f4b2a141d35b3.js","","0","Blocked by robots.txt","Non-Indexable","Blocked by robots.txt","","0","0","","0","0","","0","","0","","0","","0","","","","","","","","","","","0","0","0","0.000","","0","","","","","0.000","4","3","","0","0","0","0.000","0","0","0","0","0","0","","","","","","","","","","","","None","","","","","","https://www.mohamedyaakoubi.com/_next/static/chunks/8768-166f4b2a141d35b3.js","2026-05-09 05:29:38"
"https://www.mohamedyaakoubi.com/_next/image?url=%2FNotYet.webp&w=3840&q=75","","0","Blocked by robots.txt","Non-Indexable","Blocked by robots.txt","","0","0","","0","0","","0","","0","","0","","0","","","","","","","","","","","0","0","0","0.000","","0","","","","","0.000","4","1","","0","0","0","0.000","0","0","0","0","0","0","","","","","","","","","","","","None","","","","","","https://www.mohamedyaakoubi.com/_next/image?url=%2FNotYet.webp&w=3840&q=75","2026-05-09 05:29:38"
"https://www.mohamedyaakoubi.com/en/sheetdiff/terms","text/html; charset=utf-8","404","Not Found","Non-Indexable","Client Error","","0","0","","0","0","","0","","0","","0","","0","","","","","","","","","","","0","0","0","0.000","","0","","","","","0.000","4","2","","1","1","0","4.000","0","0","0","0","0","0","","","","","","1.578","","","","","","1.1","","","","","","https://www.mohamedyaakoubi.com/en/sheetdiff/terms","2026-05-09 05:29:37"
"https://www.mohamedyaakoubi.com/_next/static/chunks/1387-c56834bd4aa9d49e.js","","0","Blocked by robots.txt","Non-Indexable","Blocked by robots.txt","","0","0","","0","0","","0","","0","","0","","0","","","","","","","","","","","0","0","0","0.000","","0","","","","","0.000","4","3","","0","0","0","0.000","0","0","0","0","0","0","","","","","","","","","","","","None","","","","","","https://www.mohamedyaakoubi.com/_next/static/chunks/1387-c56834bd4aa9d49e.js","2026-05-09 05:29:39"
"https://www.mohamedyaakoubi.com/_next/static/chunks/app/%5Blocale%5D/sheetdiff/privacy-policy/page-d2114c839030bd85.js","","0","Blocked by robots.txt","Non-Indexable","Blocked by robots.txt","","0","0","","0","0","","0","","0","","0","","0","","","","","","","","","","","0","0","0","0.000","","0","","","","","0.000","4","7","","0","0","0","0.000","0","0","0","0","0","0","","","","","","","","","","","","None","","","","","","https://www.mohamedyaakoubi.com/_next/static/chunks/app/%5Blocale%5D/sheetdiff/privacy-policy/page-d2114c839030bd85.js","2026-05-09 05:29:39"
"https://www.mohamedyaakoubi.com/_next/static/chunks/5374-9ae471056517d1ec.js","","0","Blocked by robots.txt","Non-Indexable","Blocked by robots.txt","","0","0","","0","0","","0","","0","","0","","0","","","","","","","","","","","0","0","0","0.000","","0","","","","","0.000","4","3","","0","0","0","0.000","0","0","0","0","0","0","","","","","","","","","","","","None","","","","","","https://www.mohamedyaakoubi.com/_next/static/chunks/5374-9ae471056517d1ec.js","2026-05-09 05:29:39"
"https://www.mohamedyaakoubi.com/_next/static/chunks/3721-7fa8305ddd378f6f.js","","0","Blocked by robots.txt","Non-Indexable","Blocked by robots.txt","","0","0","","0","0","","0","","0","","0","","0","","","","","","","","","","","0","0","0","0.000","","0","","","","","0.000","4","3","","0","0","0","0.000","0","0","0","0","0","0","","","","","","","","","","","","None","","","","","","https://www.mohamedyaakoubi.com/_next/static/chunks/3721-7fa8305ddd378f6f.js","2026-05-09 05:29:39"
"https://www.mohamedyaakoubi.com/_next/static/chunks/app/%5Blocale%5D/sheetdiff/api-docs/page-26fbbdef08fab5a3.js","","0","Blocked by robots.txt","Non-Indexable","Blocked by robots.txt","","0","0","","0","0","","0","","0","","0","","0","","","","","","","","","","","0","0","0","0.000","","0","","","","","0.000","4","7","","0","0","0","0.000","0","0","0","0","0","0","","","","","","","","","","","","None","","","","","","https://www.mohamedyaakoubi.com/_next/static/chunks/app/%5Blocale%5D/sheetdiff/api-docs/page-26fbbdef08fab5a3.js","2026-05-09 05:29:39"
"https://www.mohamedyaakoubi.com/_next/image?url=%2FDocuMed.webp&w=3840&q=75","","0","Blocked by robots.txt","Non-Indexable","Blocked by robots.txt","","0","0","","0","0","","0","","0","","0","","0","","","","","","","","","","","0","0","0","0.000","","0","","","","","0.000","4","1","","0","0","0","0.000","0","0","0","0","0","0","","","","","","","","","","","","None","","","","","","https://www.mohamedyaakoubi.com/_next/image?url=%2FDocuMed.webp&w=3840&q=75","2026-05-09 05:29:39"
"https://www.mohamedyaakoubi.com/_next/static/chunks/app/%5Blocale%5D/projects/documed/page-61da1f7047998921.js","","0","Blocked by robots.txt","Non-Indexable","Blocked by robots.txt","","0","0","","0","0","","0","","0","","0","","0","","","","","","","","","","","0","0","0","0.000","","0","","","","","0.000","4","7","","0","0","0","0.000","0","0","0","0","0","0","","","","","","","","","","","","None","","","","","","https://www.mohamedyaakoubi.com/_next/static/chunks/app/%5Blocale%5D/projects/documed/page-61da1f7047998921.js","2026-05-09 05:29:39"
"https://www.mohamedyaakoubi.com/_next/image?url=%2Fprojects%2Fdocumed-slides%2Fslide-1.png&w=3840&q=75","","0","Blocked by robots.txt","Non-Indexable","Blocked by robots.txt","","0","0","","0","0","","0","","0","","0","","0","","","","","","","","","","","0","0","0","0.000","","0","","","","","0.000","4","1","","0","0","0","0.000","0","0","0","0","0","0","","","","","","","","","","","","None","","","","","","https://www.mohamedyaakoubi.com/_next/image?url=%2Fprojects%2Fdocumed-slides%2Fslide-1.png&w=3840&q=75","2026-05-09 05:29:39"
"https://www.mohamedyaakoubi.com/_next/static/chunks/6981-10f4d606cd636f2a.js","","0","Blocked by robots.txt","Non-Indexable","Blocked by robots.txt","","0","0","","0","0","","0","","0","","0","","0","","","","","","","","","","","0","0","0","0.000","","0","","","","","0.000","4","3","","0","0","0","0.000","0","0","0","0","0","0","","","","","","","","","","","","None","","","","","","https://www.mohamedyaakoubi.com/_next/static/chunks/6981-10f4d606cd636f2a.js","2026-05-09 05:29:39"
"https://www.mohamedyaakoubi.com/_next/static/css/1a3c1a8ab5d7caac.css","","0","Blocked by robots.txt","Non-Indexable","Blocked by robots.txt","","0","0","","0","0","","0","","0","","0","","0","","","","","","","","","","","0","0","0","0.000","","0","","","","","0.000","4","3","","0","0","0","0.000","0","0","0","0","0","0","","","","","","","","","","","","None","","","","","","https://www.mohamedyaakoubi.com/_next/static/css/1a3c1a8ab5d7caac.css","2026-05-09 05:29:39"
"https://www.mohamedyaakoubi.com/_next/static/chunks/app/%5Blocale%5D/blog/%5Bslug%5D/page-91c8664654df1047.js","","0","Blocked by robots.txt","Non-Indexable","Blocked by robots.txt","","0","0","","0","0","","0","","0","","0","","0","","","","","","","","","","","0","0","0","0.000","","0","","","","","0.000","4","7","","0","0","0","0.000","0","0","0","0","0","0","","","","","","","","","","","","None","","","","","","https://www.mohamedyaakoubi.com/_next/static/chunks/app/%5Blocale%5D/blog/%5Bslug%5D/page-91c8664654df1047.js","2026-05-09 05:29:40"
"https://www.mohamedyaakoubi.com/_next/static/chunks/app/%5Blocale%5D/projects/internationalskills/page-00fb97df71bb55c4.js","","0","Blocked by robots.txt","Non-Indexable","Blocked by robots.txt","","0","0","","0","0","","0","","0","","0","","0","","","","","","","","","","","0","0","0","0.000","","0","","","","","0.000","4","7","","0","0","0","0.000","0","0","0","0","0","0","","","","","","","","","","","","None","","","","","","https://www.mohamedyaakoubi.com/_next/static/chunks/app/%5Blocale%5D/projects/internationalskills/page-00fb97df71bb55c4.js","2026-05-09 05:29:40"
"https://www.mohamedyaakoubi.com/_next/image?url=%2Fprojects%2Finternational-skills-labor-company.webp&w=3840&q=75","","0","Blocked by robots.txt","Non-Indexable","Blocked by robots.txt","","0","0","","0","0","","0","","0","","0","","0","","","","","","","","","","","0","0","0","0.000","","0","","","","","0.000","4","1","","0","0","0","0.000","0","0","0","0","0","0","","","","","","","","","","","","None","","","","","","https://www.mohamedyaakoubi.com/_next/image?url=%2Fprojects%2Finternational-skills-labor-company.webp&w=3840&q=75","2026-05-09 05:29:40"
"https://www.mohamedyaakoubi.com/_next/static/chunks/app/%5Blocale%5D/services/page-4ed8ef2d1faacccb.js","","0","Blocked by robots.txt","Non-Indexable","Blocked by robots.txt","","0","0","","0","0","","0","","0","","0","","0","","","","","","","","","","","0","0","0","0.000","","0","","","","","0.000","4","6","","0","0","0","0.000","0","0","0","0","0","0","","","","","","","","","","","","None","","","","","","https://www.mohamedyaakoubi.com/_next/static/chunks/app/%5Blocale%5D/services/page-4ed8ef2d1faacccb.js","2026-05-09 05:29:40"
"https://www.mohamedyaakoubi.com/_next/image?url=%2Ffreelances.webp&w=48&q=75","","0","Blocked by robots.txt","Non-Indexable","Blocked by robots.txt","","0","0","","0","0","","0","","0","","0","","0","","","","","","","","","","","0","0","0","0.000","","0","","","","","0.000","4","1","","0","0","0","0.000","0","0","0","0","0","0","","","","","","","","","","","","None","","","","","","https://www.mohamedyaakoubi.com/_next/image?url=%2Ffreelances.webp&w=48&q=75","2026-05-09 05:29:41"
"https://www.mohamedyaakoubi.com/_next/static/chunks/app/%5Blocale%5D/contact/page-55338bb65d6509f5.js","","0","Blocked by robots.txt","Non-Indexable","Blocked by robots.txt","","0","0","","0","0","","0","","0","","0","","0","","","","","","","","","","","0","0","0","0.000","","0","","","","","0.000","4","6","","0","0","0","0.000","0","0","0","0","0","0","","","","","","","","","","","","None","","","","","","https://www.mohamedyaakoubi.com/_next/static/chunks/app/%5Blocale%5D/contact/page-55338bb65d6509f5.js","2026-05-09 05:29:41"
"https://www.mohamedyaakoubi.com/_next/static/chunks/7241-e3f05cfe53afaaf8.js","","0","Blocked by robots.txt","Non-Indexable","Blocked by robots.txt","","0","0","","0","0","","0","","0","","0","","0","","","","","","","","","","","0","0","0","0.000","","0","","","","","0.000","4","3","","0","0","0","0.000","0","0","0","0","0","0","","","","","","","","","","","","None","","","","","","https://www.mohamedyaakoubi.com/_next/static/chunks/7241-e3f05cfe53afaaf8.js","2026-05-09 05:29:41"
"https://www.mohamedyaakoubi.com/_next/static/chunks/30a37ab2-5412d7ad55db45f4.js","","0","Blocked by robots.txt","Non-Indexable","Blocked by robots.txt","","0","0","","0","0","","0","","0","","0","","0","","","","","","","","","","","0","0","0","0.000","","0","","","","","0.000","4","3","","0","0","0","0.000","0","0","0","0","0","0","","","","","","","","","","","","None","","","","","","https://www.mohamedyaakoubi.com/_next/static/chunks/30a37ab2-5412d7ad55db45f4.js","2026-05-09 05:29:41"
"https://www.mohamedyaakoubi.com/_next/image?url=%2Fcompanies%2Ff6s_logo.png&w=48&q=75","","0","Blocked by robots.txt","Non-Indexable","Blocked by robots.txt","","0","0","","0","0","","0","","0","","0","","0","","","","","","","","","","","0","0","0","0.000","","0","","","","","0.000","4","1","","0","0","0","0.000","0","0","0","0","0","0","","","","","","","","","","","","None","","","","","","https://www.mohamedyaakoubi.com/_next/image?url=%2Fcompanies%2Ff6s_logo.png&w=48&q=75","2026-05-09 05:29:41"
"https://www.mohamedyaakoubi.com/_next/image?url=https%3A%2F%2Fimg.buymeacoffee.com%2Fbutton-api%2F%3Ftext%3DBuy%20me%20a%20coffee%26emoji%3D☕%26slug%3Dmedykb%26button_colour%3DFFDD00%26font_colour%3D000000%26font_family%3DCookie%26outline_colour%3D000000%26coffee_colour%3Dffffff&w=640&q=75","","0","Blocked by robots.txt","Non-Indexable","Blocked by robots.txt","","0","0","","0","0","","0","","0","","0","","0","","","","","","","","","","","0","0","0","0.000","","0","","","","","0.000","4","1","","0","0","0","0.000","0","0","0","0","0","0","","","","","","","","","","","","None","","","","","","https://www.mohamedyaakoubi.com/_next/image?url=https%3A%2F%2Fimg.buymeacoffee.com%2Fbutton-api%2F%3Ftext%3DBuy%2520me%2520a%2520coffee%26emoji%3D%E2%98%95%26slug%3Dmedykb%26button_colour%3DFFDD00%26font_colour%3D000000%26font_family%3DCookie%26outline_colour%3D000000%26coffee_colour%3Dffffff&w=640&q=75","2026-05-09 05:29:43"
"https://www.mohamedyaakoubi.com/_next/image?url=%2Fcompanies%2Fproz_logo.webp&w=96&q=75","","0","Blocked by robots.txt","Non-Indexable","Blocked by robots.txt","","0","0","","0","0","","0","","0","","0","","0","","","","","","","","","","","0","0","0","0.000","","0","","","","","0.000","4","1","","0","0","0","0.000","0","0","0","0","0","0","","","","","","","","","","","","None","","","","","","https://www.mohamedyaakoubi.com/_next/image?url=%2Fcompanies%2Fproz_logo.webp&w=96&q=75","2026-05-09 05:29:43"
"https://www.mohamedyaakoubi.com/projects/documed.pdf","application/pdf","200","OK","Indexable","","Docu","4","46","","0","0","DAGOskMmbM4,BAGNb-l4KMw","23","","0","","0","","0","","","","","","","","","","","7702412","7702412","7702412","2950.648","","0","","","","","0.000","4","1","","1","1","0","4.000","0","0","0","0","0","0","","","","","","0.816","Sat, 09 May 2026 04:29:40 GMT","","","","","1.1","","","","","","https://www.mohamedyaakoubi.com/projects/documed.pdf","2026-05-09 05:29:39"
